-- MySQL dump 10.13  Distrib 5.7.18, for Linux (x86_64)
--
-- Host: 186.202.152.176    Database: netiarpainel_sgcork
-- ------------------------------------------------------
-- Server version	5.1.73-rel14.11-log

/*!40101 SET @OLD_CHARACTER_SET_CLIENT=@@CHARACTER_SET_CLIENT */;
/*!40101 SET @OLD_CHARACTER_SET_RESULTS=@@CHARACTER_SET_RESULTS */;
/*!40101 SET @OLD_COLLATION_CONNECTION=@@COLLATION_CONNECTION */;
/*!40101 SET NAMES utf8 */;
/*!40103 SET @OLD_TIME_ZONE=@@TIME_ZONE */;
/*!40103 SET TIME_ZONE='+00:00' */;
/*!40014 SET @OLD_UNIQUE_CHECKS=@@UNIQUE_CHECKS, UNIQUE_CHECKS=0 */;
/*!40014 SET @OLD_FOREIGN_KEY_CHECKS=@@FOREIGN_KEY_CHECKS, FOREIGN_KEY_CHECKS=0 */;
/*!40101 SET @OLD_SQL_MODE=@@SQL_MODE, SQL_MODE='NO_AUTO_VALUE_ON_ZERO' */;
/*!40111 SET @OLD_SQL_NOTES=@@SQL_NOTES, SQL_NOTES=0 */;

--
-- Table structure for table `centro_distribuicoes`
--

DROP TABLE IF EXISTS `centro_distribuicoes`;
/*!40101 SET @saved_cs_client     = @@character_set_client */;
/*!40101 SET character_set_client = utf8 */;
CREATE TABLE `centro_distribuicoes` (
  `id` int(10) unsigned NOT NULL AUTO_INCREMENT,
  `descricao` varchar(191) COLLATE utf8_unicode_ci NOT NULL,
  `tipo` enum('1','2','3') COLLATE utf8_unicode_ci NOT NULL,
  `prazo_fabrica` int(11) NOT NULL,
  `prazo_nacional` int(11) NOT NULL,
  `prazo_regional` int(11) NOT NULL,
  `valor_base` double(8,2) NOT NULL,
  `created_at` timestamp NULL DEFAULT NULL,
  `updated_at` timestamp NULL DEFAULT NULL,
  PRIMARY KEY (`id`)
) ENGINE=MyISAM AUTO_INCREMENT=6 DEFAULT CHARSET=utf8 COLLATE=utf8_unicode_ci;
/*!40101 SET character_set_client = @saved_cs_client */;

--
-- Dumping data for table `centro_distribuicoes`
--

LOCK TABLES `centro_distribuicoes` WRITE;
/*!40000 ALTER TABLE `centro_distribuicoes` DISABLE KEYS */;
INSERT INTO `centro_distribuicoes` VALUES (1,'CORKTECH','1',90,5,5,0.85,'2017-05-05 22:34:42','2017-05-07 23:54:34'),(2,'Corktech - MEIONORTE','2',90,5,5,0.90,'2017-05-05 22:34:42','2017-05-07 23:51:51'),(3,'Fio Trançado','3',90,5,5,9.00,'2017-05-05 22:34:43','2017-05-08 14:25:56'),(4,'CorkECO','2',90,15,5,0.90,'2017-05-07 23:51:07','2017-05-07 23:51:07'),(5,'Impacto DF','2',90,15,5,90.00,'2017-08-01 20:21:38','2017-08-01 20:21:38');
/*!40000 ALTER TABLE `centro_distribuicoes` ENABLE KEYS */;
UNLOCK TABLES;

--
-- Table structure for table `classes`
--

DROP TABLE IF EXISTS `classes`;
/*!40101 SET @saved_cs_client     = @@character_set_client */;
/*!40101 SET character_set_client = utf8 */;
CREATE TABLE `classes` (
  `id` int(10) unsigned NOT NULL AUTO_INCREMENT,
  `descricao` varchar(50) COLLATE utf8_unicode_ci NOT NULL,
  `tamanho` varchar(20) COLLATE utf8_unicode_ci NOT NULL,
  `espessura` double(8,2) NOT NULL,
  `atacado` double(8,2) NOT NULL,
  `varejo` double(8,2) NOT NULL,
  `granel` double(8,2) NOT NULL,
  `created_at` timestamp NULL DEFAULT NULL,
  `updated_at` timestamp NULL DEFAULT NULL,
  PRIMARY KEY (`id`)
) ENGINE=MyISAM AUTO_INCREMENT=57 DEFAULT CHARSET=utf8 COLLATE=utf8_unicode_ci;
/*!40101 SET character_set_client = @saved_cs_client */;

--
-- Dumping data for table `classes`
--

LOCK TABLES `classes` WRITE;
/*!40000 ALTER TABLE `classes` DISABLE KEYS */;
INSERT INTO `classes` VALUES (2,'Divina Floatting - Digital Series - WOOD','1235 x 190 mm',11.00,1.41,1.41,0.24,'2017-05-07 19:09:51','2017-05-07 20:19:22'),(3,'Divina Floatting - Digital Series - STONE','605 x 445mm',11.00,1.62,1.62,0.27,'2017-05-07 20:07:05','2017-05-07 20:19:39'),(4,'Divina Floatting - Cork Series','1235 x 300 mm',11.00,2.22,2.22,0.37,'2017-05-07 20:08:59','2017-05-07 20:18:04'),(5,'Divina Floatting - Vynil Series - WOOD','1250 x 225 mm',11.00,1.68,1.68,0.28,'2017-05-07 20:11:00','2017-05-07 20:19:32'),(6,'Divina Floatting - Vynil Series - STONE','605 x 445mm',11.00,1.62,1.62,0.27,'2017-05-07 20:14:15','2017-05-07 20:18:42'),(7,'Divina Floatting - Wood Series','1235 x 190 mm',11.00,1.41,1.41,0.27,'2017-05-07 20:17:11','2017-05-07 20:18:58'),(8,'Divina GLUE - Digital Series','600 x 450 mm',6.00,11.34,1.62,0.27,'2017-05-07 20:22:21','2017-05-07 20:22:21'),(9,'Divina GLUE - Cork Series - 60x45','600 x 450 mm',6.00,11.34,1.62,0.27,'2017-05-07 20:23:04','2017-05-07 20:23:42'),(10,'Divina GLUE - Cork Series - 60x30','600 x 300 mm',6.00,7.56,1.08,0.18,'2017-05-07 20:25:07','2017-05-07 20:25:07'),(11,'Divina GLUE - Cork Series - 30x30','300 x 300 mm',6.00,7.56,0.54,0.09,'2017-05-07 20:27:13','2017-05-07 20:27:59'),(13,'CMW Floating','915 x 300 mm',4.00,1.65,1.65,0.28,'2017-05-07 20:42:08','2017-05-07 20:42:08'),(14,'CMW GLUE - 60x45','600 x 450 mm',4.00,17.82,1.62,0.27,'2017-05-07 20:44:33','2017-05-07 20:44:33'),(15,'CMW GLUE - 60x30','600 x 300 mm',4.00,11.88,1.08,0.18,'2017-05-07 20:46:56','2017-05-07 20:46:56'),(16,'CMW GLUE - 30x30','300 x 300 mm',4.00,11.34,0.54,0.09,'2017-05-07 20:49:41','2017-05-07 20:49:41'),(17,'WALL ROLLS - Em Rolo - 2mm','5500 x 700 mm',2.00,3.85,3.85,0.35,'2017-05-07 21:07:00','2017-05-07 21:09:28'),(18,'WALL ROLLS - Em Rolo - 0,5mm','10000 x 700 mm',0.50,7.00,7.00,0.35,'2017-05-07 21:08:06','2017-05-07 21:09:37'),(19,'WALL TILES - Em Placas - 60x45','600 x 450 mm',3.00,23.76,2.97,0.27,'2017-05-07 21:11:54','2017-05-07 21:11:54'),(20,'WALL TILES - Em Placas - 60x30','600 x 300 mm',3.00,15.84,1.98,0.18,'2017-05-07 21:13:10','2017-05-07 21:13:10'),(21,'WALL TILES - Em Placas - 30x30','300 x 300 mm',3.00,15.84,0.99,0.09,'2017-05-07 21:15:11','2017-05-07 21:15:11'),(22,'Dinamic Cork - 3D - 60x30','600 x 300 mm',8.00,4.50,0.18,0.18,'2017-05-07 21:19:02','2017-05-07 21:22:39'),(23,'Dinamic Cork - 3D - 90x60','900 x 600 mm',8.00,6.48,0.54,0.54,'2017-05-07 21:23:29','2017-05-07 21:23:29'),(24,'Corkinsu - Placas 10mm','1000 x 500mm',10.00,10.00,0.50,0.50,'2017-05-07 21:28:42','2017-05-07 21:28:42'),(25,'Corkinsu - Placas 20mm','1000 x 500mm',20.00,7.50,0.50,0.50,'2017-05-07 21:29:22','2017-05-07 21:29:22'),(26,'Corkinsu - Placas 30mm','1000 x 500mm',30.00,5.00,0.50,0.50,'2017-05-07 21:32:17','2017-05-07 21:32:17'),(27,'Corkinsu - Placas 40mm','1000 x 500mm',40.00,4.00,0.50,0.50,'2017-05-07 21:33:13','2017-05-07 21:33:13'),(28,'Corkinsu - Placas 50mm','1000 x 500mm',50.00,3.00,0.50,0.50,'2017-05-07 21:34:07','2017-05-07 21:34:07'),(29,'Corkinsu - Placas 60mm','1000 x 500mm',60.00,2.50,0.50,0.50,'2017-05-07 21:34:44','2017-05-07 21:34:44'),(30,'Underlay 15MS - Manta 1,6mm/10','10000 x 1000 mm',1.60,10.00,10.00,0.10,'2017-05-07 21:37:02','2017-05-07 21:41:35'),(31,'Underlay 15MS - Manta 1,8mm/10','10000 x 1000 mm',1.80,10.00,10.00,0.10,'2017-05-07 21:38:54','2017-05-07 21:41:43'),(32,'Underlay 15MS - Manta 2mm/10','10000 x 1000 mm',2.00,10.00,10.00,0.10,'2017-05-07 21:39:53','2017-05-07 21:41:51'),(33,'Underlay 15MS - Manta 2mm/20','20000 x 1000 mm',2.00,20.00,20.00,0.10,'2017-05-07 21:41:08','2017-05-07 21:44:00'),(34,'Underlay 15MS - Manta 2mm/30','30000 x 1000 mm',2.00,30.00,30.00,0.10,'2017-05-07 21:43:05','2017-05-07 21:44:09'),(35,'Underlay 15MS - Manta 2,8mm/10','10000 x 1000 mm',2.80,10.00,10.00,0.10,'2017-05-07 21:43:52','2017-05-07 21:43:52'),(36,'Underlay 15MS - Manta 3mm/10','10000 x 1000 mm',3.00,10.00,10.00,0.10,'2017-05-07 21:45:15','2017-05-07 21:45:15'),(37,'Underlay 15MS - Manta 3,8mm/10','10000 x 1000 mm',3.80,10.00,10.00,0.10,'2017-05-07 21:46:54','2017-05-07 21:46:54'),(38,'Underlay 15MS - Manta 4mm/10','10000 x 1000 mm',4.00,10.00,10.00,0.10,'2017-05-07 22:32:34','2017-05-07 22:32:34'),(39,'Underlay 15MS - Manta 4mm/15','15000 x 1000 mm',4.00,15.00,15.00,0.10,'2017-05-07 22:33:23','2017-05-07 22:33:23'),(40,'Underlay 15MS - Manta 5mm/10','10000 x 1000 mm',5.00,10.00,10.00,0.10,'2017-05-07 22:34:28','2017-05-07 22:34:28'),(41,'Underlay 15MS - Manta 6mm/10','10000 x 1000 mm',6.00,10.00,10.00,0.10,'2017-05-07 22:35:38','2017-05-07 22:35:38'),(42,'Underlay 15MS - Manta 10mm/10','10000 x 1000 mm',10.00,10.00,10.00,0.10,'2017-05-07 22:36:10','2017-05-07 22:36:22'),(43,'Underlay 15MS - Manta 12mm/10','10000 x 1000 mm',12.00,8.00,8.00,0.10,'2017-05-07 22:36:46','2017-05-07 22:37:29'),(44,'Underlay 40BR - 2mm/10','10000 x 1000 mm',2.00,10.00,10.00,0.10,'2017-05-07 22:38:03','2017-05-07 22:38:03'),(45,'Underlay 40BR - 2mm/20','20000 x 1000 mm',2.00,20.00,20.00,0.10,'2017-05-07 22:38:37','2017-05-07 22:38:37'),(46,'Underlay 40BR - 2mm/30','30000 x 1000 mm',2.00,30.00,30.00,0.10,'2017-05-07 22:39:39','2017-05-07 22:39:39'),(47,'Underlay 40BR - 2,8mm/10','10000 x 1000 mm',2.80,10.00,10.00,0.10,'2017-05-07 22:41:50','2017-05-07 22:41:50'),(48,'Underlay 40BR - 3mm/10','10000 x 1000 mm',3.00,10.00,10.00,0.10,'2017-05-07 22:42:30','2017-05-07 22:42:30'),(49,'Underlay 40BR - 3,8mm/10','10000 x 1000 mm',3.80,10.00,10.00,0.10,'2017-05-07 22:43:48','2017-05-07 22:43:48'),(50,'Underlay 40BR - 4mm/10','10000 x 1000 mm',4.00,10.00,10.00,0.10,'2017-05-07 22:44:37','2017-05-07 22:44:37'),(51,'Underlay 40BR - 4mm/15','15000 x 1000 mm',4.00,15.00,15.00,0.10,'2017-05-07 22:45:11','2017-05-07 22:45:11'),(52,'Underlay 40BR - 5mm/12','12000 x 1000 mm',5.00,12.00,12.00,0.10,'2017-05-07 22:48:20','2017-05-07 22:48:20'),(53,'Underlay 40BR - 6mm/10','10000 x 1000 mm',6.00,10.00,10.00,0.10,'2017-05-07 22:48:56','2017-05-07 22:48:56'),(54,'Tecido - Cork n\'roll - 0,8mm','25000 x 1400 mm',0.80,35.00,0.10,0.10,'2017-05-07 22:58:07','2017-05-07 22:59:25'),(55,'Tecido - Cork n\'roll - 1,2mm','25000 x 1400 mm',1.20,35.00,0.10,0.10,'2017-05-07 22:59:17','2017-05-07 22:59:17'),(56,'Indefinido','1',1.00,1.00,1.00,1.00,'2017-05-07 23:50:24','2017-05-07 23:50:24');
/*!40000 ALTER TABLE `classes` ENABLE KEYS */;
UNLOCK TABLES;

--
-- Table structure for table `clientes`
--

DROP TABLE IF EXISTS `clientes`;
/*!40101 SET @saved_cs_client     = @@character_set_client */;
/*!40101 SET character_set_client = utf8 */;
CREATE TABLE `clientes` (
  `id` int(10) unsigned NOT NULL AUTO_INCREMENT,
  `tipo` enum('1','2') COLLATE utf8_unicode_ci DEFAULT NULL,
  `nome` varchar(191) COLLATE utf8_unicode_ci DEFAULT NULL,
  `documento` varchar(14) COLLATE utf8_unicode_ci DEFAULT NULL,
  `endereco` varchar(191) COLLATE utf8_unicode_ci DEFAULT NULL,
  `bairro` varchar(191) COLLATE utf8_unicode_ci DEFAULT NULL,
  `cidade` varchar(191) COLLATE utf8_unicode_ci DEFAULT NULL,
  `uf` varchar(191) COLLATE utf8_unicode_ci DEFAULT NULL,
  `cep` int(8) DEFAULT NULL,
  `senha` varchar(191) COLLATE utf8_unicode_ci DEFAULT NULL,
  `responsavel` varchar(100) COLLATE utf8_unicode_ci DEFAULT NULL,
  `fone` varchar(13) COLLATE utf8_unicode_ci DEFAULT NULL,
  `celular` varchar(13) COLLATE utf8_unicode_ci DEFAULT NULL,
  `created_at` timestamp NULL DEFAULT NULL,
  `updated_at` timestamp NULL DEFAULT NULL,
  PRIMARY KEY (`id`),
  UNIQUE KEY `clientes_documento_unique` (`documento`)
) ENGINE=MyISAM AUTO_INCREMENT=44 DEFAULT CHARSET=utf8 COLLATE=utf8_unicode_ci;
/*!40101 SET character_set_client = @saved_cs_client */;

--
-- Dumping data for table `clientes`
--

LOCK TABLES `clientes` WRITE;
/*!40000 ALTER TABLE `clientes` DISABLE KEYS */;
INSERT INTO `clientes` VALUES (2,'1','Carlos Silva Filho','84887435304','Estrada da Maioba','Cond. Maraville','São Luís','MA',65054040,'$2y$10$yZBzcNrpIMM1LnyKtWAD4.rnyI2iWIXDYAfKkWTvj1VLkbjM2I5lq','Carlos Silva Filho','981140090','981140090','2017-05-08 13:39:47','2017-05-08 13:55:08'),(3,'2','Corkline Industria e Comercio','26324797000176','R CINCO, N 12','Bairro Cohapam','São Luís','MA',65062710,'$2y$10$vkQRllsQC/v6yZc4fFZ3oe3HQ.61byWheQcN6hoTvHT5dIUWEL5y.','Carlos Silva Filho','981140090','981140090','2017-05-08 13:40:42','2017-05-08 13:40:42'),(13,'2','Radio e Tv Difusora','06275598000108','avenida Camboa n120 bairro camboa',NULL,'São Luis','Maranhão',65099110,'$2y$10$scGJ/UHY/m6UiUs0I1TBC.SL7x24Kb7hIyB8qB5S9iRpKZdgTXTNC',NULL,NULL,NULL,'2017-07-24 21:31:37','2017-07-24 21:31:37'),(14,'2','Rca Empreendimentos Alimenticios - Botiquim','11343221000189','Av Mario Meireles  numero 04 rua 22 Ponta d Areia',NULL,'São Luis','Maranhão',65077640,'$2y$10$T06ytoaB.LI0AE0icVyuk.ReUXKP7mVq/dTrxaVRyZLDSFhJ0lB/2','Carol Azevedo',NULL,NULL,'2017-07-24 21:34:22','2017-07-24 21:34:22'),(5,'1','alexsandro de jesus caldas coelho','33100314387','rua jupiter, 13 ed jose goncalo apto 1302','renascenca II','sao luis','ma',65075045,'$2y$10$IYPLT6u55YT0hvws80Lawuk.AOiTsP37hthzL6SqXwNUKfr.FDpGi','alex','33031374','991167640','2017-05-08 13:56:22','2017-05-08 13:56:22'),(16,'2','Moveis Belo','75243220000145',NULL,NULL,NULL,NULL,NULL,'$2y$10$ttw5fhimVCkTYkcJTQDOZ.nRXTKyR31Bv4FO61HeOCdwvtBjLDHDG','Rosana','4333032573',NULL,'2017-08-09 13:42:12','2017-08-09 13:42:12'),(17,'2','Corktech','24402507000130',NULL,NULL,NULL,NULL,NULL,'$2y$10$p8HvtwEWL6XX8fmD68kFEeGM0RlBHf5RdM.456hbLXmvwS1IwpSV6',NULL,NULL,NULL,'2017-08-09 18:29:30','2017-08-11 11:58:11'),(8,'2','G S C DE BRITO - ME (Fio Trançado Ambientação)','15711316000169','Avenida dos Holandeses, 01','Quadra 01, Estrada da Raposa, Lote Central','Sao José de Ribamar','MA',65110000,'$2y$10$//fpjhypMnt4/qG52BbIle1r9B8N3EPy4KYh/k1kRGxkyiSu2fM/y','Paraguaçu','00000000000','00000000000','2017-07-17 21:19:28','2017-07-17 21:20:17'),(9,'2','UNIVERSIDADE CEUMA','23689763000359','Rua Josué Montello, 01','Renascença','São Luís','MA',65075120,'$2y$10$x/mZePgabzoCkbIj1KYMge5y3XAPp9poL320duaAF2ksmCcTLNSb2','CEUMA','00000000000','00000000000','2017-07-17 21:24:08','2017-07-17 21:24:08'),(10,'2','ABBEVILLE HOTEIS E TURISMO LTDA','04875854000172',NULL,NULL,'São Luís','MA',NULL,'$2y$10$e9Bcll5lbwdhE/.gLjS/UeR7x6SpZBpn1Q3Xtpk.B6rs3D.b0RlLu',NULL,'00000000000',NULL,'2017-07-24 20:50:03','2017-07-24 20:50:03'),(11,'2','Memorial maranhense Ltda','07740772000109',NULL,NULL,NULL,NULL,NULL,'$2y$10$bGX3NtNUw5gM5IESe9XOKeMXNk963yr5MigSPvikEUQ58kZWWUxzW',NULL,'00000000000',NULL,'2017-07-24 20:56:45','2017-07-24 20:56:45'),(12,'2','SL PARTICIPAÇÕES LTDA - Arq Renato','14480252000170',NULL,NULL,NULL,NULL,NULL,'$2y$10$3ApqKIYaAngewIKfDWgdq.1EAefcLUwaRGG.w0OmY8op3J500QfkC',NULL,'00000000000',NULL,'2017-07-24 21:06:24','2017-08-11 12:00:08'),(15,'2','L C Melos Sales','20424960000196','av são luis rei de frança numero 04 quadra 09',NULL,'São Luis','Maranhão',65065470,'$2y$10$fGJLkt0tUAXflUQkzZQ0UOqrERbnsWVPc6EOsMhomkevN/DSMn15u','Atenas Bistro',NULL,NULL,'2017-07-24 21:38:58','2017-07-24 21:38:58'),(43,'1','Joaquim Nunes Ribeiro','63884631349',NULL,NULL,NULL,NULL,NULL,'$2y$10$5js0B.VNpU8R02aMZb/gMuQutyug3cXLJ48i2eav50/sqb/D25VPi',NULL,NULL,NULL,'2017-08-28 20:45:51','2017-08-28 20:45:51'),(25,'2','Revenda BH','22222222222222',NULL,NULL,NULL,NULL,NULL,'$2y$10$eGmc7XKnmLuEkK7xME67aeqvXVgLebX.EyJoIhu16u2mEiTO5RNg.',NULL,NULL,NULL,'2017-08-10 19:47:50','2017-08-10 19:47:50'),(26,'1','Rogério Alves','11111111111',NULL,NULL,NULL,NULL,NULL,'$2y$10$SXAG3Ox/JJv/6uMD8cFLM.mgMJy0YTXntjkG4G4yUGeMtRycbrrOq',NULL,NULL,NULL,'2017-08-10 19:51:13','2017-08-10 19:51:13'),(23,'2','Construmol','11111111111111',NULL,NULL,NULL,NULL,NULL,'$2y$10$m0n0s0vcmsgc.0XTVPmkKOyzr5TnteeQ9mqHgKKXB2izGww8Hw2ja',NULL,NULL,NULL,'2017-08-09 21:02:12','2017-08-09 21:02:12'),(33,'1','Gilson Alves Barros','10101010101',NULL,NULL,NULL,NULL,NULL,'$2y$10$r9wD6FoGQB6LJqCKEL8KBO/pq3l3ZNt6OjlFyJRSiukDtTzYc/B/y',NULL,NULL,NULL,'2017-08-10 23:24:23','2017-08-10 23:24:23'),(29,'2','Soffitto design','21529740000140',NULL,NULL,NULL,NULL,NULL,'$2y$10$9IfHGvLdrYetWLeKLA7JauqZ0vVeKpanB1Wjjg7/KYjpbVqvlwjFm',NULL,NULL,NULL,'2017-08-10 20:53:33','2017-08-10 20:53:33'),(32,'2','Brahma express','12121212121212',NULL,NULL,NULL,NULL,NULL,'$2y$10$TeCfrjTHEj9c19qXl7Om6OpB9HmRHh4XZeko0wu6cSV0OpR/oMasm',NULL,NULL,NULL,'2017-08-10 23:19:11','2017-08-11 11:57:51'),(36,'2','Budegaria','11221122111212',NULL,NULL,NULL,NULL,NULL,'$2y$10$CCPId6eODoZejk7rGHjWD.tL9TW7P/R95t9JlmuUgrnqXeDuR7HzS',NULL,NULL,NULL,'2017-08-11 12:21:29','2017-08-11 12:21:29'),(35,'1','Ségio Fernando','11221122112',NULL,NULL,NULL,NULL,NULL,'$2y$10$YHkGOsfYW0BTjVAB9gehPuuSRi.QX8.Cg4rblIiJ0pwC0bdrKWyaK',NULL,NULL,NULL,'2017-08-11 12:06:57','2017-08-11 12:06:57'),(37,'2','Casa da cortiça','21212121212121',NULL,NULL,NULL,NULL,NULL,'$2y$10$AVra8JjdpwMxOVxpXXK00uGsYg/NFKKPyDjN/pNwC.Q7HaEpXf.YW',NULL,NULL,NULL,'2017-08-11 12:23:46','2017-08-11 12:23:46'),(38,'2','Glass Home','13131313131313',NULL,NULL,NULL,NULL,NULL,'$2y$10$6RQtrYljN0iqT0KAOzVM4OM5N76qGI0rPwpXV5TaEFcAIZoulPuYS',NULL,NULL,NULL,'2017-08-11 12:28:16','2017-08-11 12:28:16'),(39,'2','Gráfica Silas','14141414141414',NULL,NULL,NULL,NULL,NULL,'$2y$10$ibeiGrqCEtMQ/iwf/F5vweXfPiStdYjNCdHD3m3HefxRjmcgC8erC',NULL,NULL,NULL,'2017-08-11 12:30:10','2017-08-11 12:30:10'),(40,'2','Madeireira Geovani','15151515151515',NULL,NULL,NULL,NULL,NULL,'$2y$10$Ehrtr4Gqm5mlZkpq1BSyY.7VzXEMAYUyBPoDjzP.Vd5WS1BHqj3C2',NULL,NULL,NULL,'2017-08-11 12:42:12','2017-08-11 12:42:12'),(41,'1','Arquiteto Cláudio','01010101010',NULL,NULL,NULL,NULL,NULL,'$2y$10$3RxjQbBLSuwMbt3sGwFs5./MRUSy5Lo3p2PjL.XXeZn/HBK3mnU8C',NULL,NULL,NULL,'2017-08-11 13:13:09','2017-08-11 13:13:09'),(42,'2','Revenda Paraná','33333333333333',NULL,NULL,NULL,NULL,NULL,'$2y$10$WE2gpAMk.tpmjMYaqES0S.v0fl8Q5sw0GI0SF2XVvU33CrHfj2FPe',NULL,NULL,NULL,'2017-08-11 13:32:03','2017-08-11 13:32:03');
/*!40000 ALTER TABLE `clientes` ENABLE KEYS */;
UNLOCK TABLES;

--
-- Table structure for table `estampas`
--

DROP TABLE IF EXISTS `estampas`;
/*!40101 SET @saved_cs_client     = @@character_set_client */;
/*!40101 SET character_set_client = utf8 */;
CREATE TABLE `estampas` (
  `id` int(10) unsigned NOT NULL AUTO_INCREMENT,
  `descricao` varchar(50) COLLATE utf8_unicode_ci NOT NULL,
  `estampa` varchar(100) COLLATE utf8_unicode_ci DEFAULT NULL,
  `created_at` timestamp NULL DEFAULT NULL,
  `updated_at` timestamp NULL DEFAULT NULL,
  PRIMARY KEY (`id`)
) ENGINE=MyISAM AUTO_INCREMENT=43 DEFAULT CHARSET=utf8 COLLATE=utf8_unicode_ci;
/*!40101 SET character_set_client = @saved_cs_client */;

--
-- Dumping data for table `estampas`
--

LOCK TABLES `estampas` WRITE;
/*!40000 ALTER TABLE `estampas` DISABLE KEYS */;
INSERT INTO `estampas` VALUES (1,'AMBER 3',NULL,'2017-05-06 16:22:20','2017-05-08 00:17:57'),(2,'OPAL',NULL,'2017-05-07 23:15:29','2017-05-08 00:09:46'),(3,'Kangaroo',NULL,'2017-05-08 00:20:19','2017-05-08 00:20:19'),(4,'Corkinsu',NULL,'2017-05-08 17:09:15','2017-05-08 17:09:15'),(5,'Agate',NULL,'2017-05-08 17:26:12','2017-05-08 17:26:12'),(7,'Antelope',NULL,'2017-05-08 17:31:02','2017-05-08 17:31:02'),(8,'Horse',NULL,'2017-05-08 17:34:02','2017-05-08 17:34:02'),(9,'D Black Armani',NULL,'2017-05-08 17:44:41','2017-05-08 17:44:41'),(10,'D Carrara Estatuario',NULL,'2017-05-08 17:46:59','2017-05-08 17:46:59'),(11,'Quartz',NULL,'2017-05-08 17:53:44','2017-05-08 17:53:44'),(12,'Thyme Dark',NULL,'2017-05-08 17:56:45','2017-05-08 17:56:45'),(13,'Travertino Serrado',NULL,'2017-05-08 17:59:54','2017-05-08 17:59:54'),(14,'Opal',NULL,'2017-05-08 18:02:52','2017-05-08 18:02:52'),(15,'Quartz Brow',NULL,'2017-05-08 18:05:01','2017-05-08 18:05:01'),(16,'Amber',NULL,'2017-05-08 18:07:24','2017-05-08 18:07:24'),(17,'PEAR',NULL,'2017-05-08 18:11:34','2017-07-31 20:04:12'),(18,'Melon',NULL,'2017-05-08 18:14:46','2017-05-08 18:14:46'),(19,'Pear Black',NULL,'2017-05-08 18:17:43','2017-05-08 18:17:43'),(20,'Leather Col. Exotic II',NULL,'2017-05-08 18:21:28','2017-05-08 18:21:28'),(21,'Coconut White',NULL,'2017-05-08 18:23:44','2017-05-08 18:23:44'),(22,'Vera',NULL,'2017-05-08 18:27:13','2017-05-08 18:27:13'),(23,'Chic List Poisedon C',NULL,'2017-05-08 18:31:16','2017-05-08 18:31:16'),(24,'Gold',NULL,'2017-05-08 18:35:39','2017-05-08 18:35:39'),(25,'Silver',NULL,'2017-05-08 18:37:38','2017-05-08 18:37:38'),(26,'Chic List Cement',NULL,'2017-05-08 18:42:19','2017-05-08 18:42:19'),(27,'Cherries',NULL,'2017-05-08 18:44:19','2017-05-08 18:44:19'),(28,'Orange',NULL,'2017-05-08 18:45:58','2017-05-08 18:45:58'),(29,'Diamond',NULL,'2017-05-08 18:48:55','2017-05-08 18:48:55'),(30,'Waves',NULL,'2017-05-08 18:51:17','2017-05-08 18:51:17'),(31,'15 ms',NULL,'2017-05-08 18:54:52','2017-05-08 18:54:52'),(32,'40BR',NULL,'2017-05-08 18:58:35','2017-05-08 18:58:35'),(33,'Vera Brown',NULL,'2017-05-11 18:03:09','2017-05-11 18:03:09'),(34,'Vera Silver',NULL,'2017-05-11 18:09:16','2017-05-11 18:09:16'),(35,'Vera Cream',NULL,'2017-05-11 18:12:44','2017-05-11 18:12:44'),(36,'Elizabeth',NULL,'2017-05-11 18:16:48','2017-05-11 18:16:48'),(38,'Gabrielle Brown',NULL,'2017-05-11 18:22:31','2017-05-11 18:22:31'),(39,'Mary',NULL,'2017-05-11 18:24:56','2017-05-11 18:24:56'),(40,'Melon Brown',NULL,'2017-05-11 18:29:50','2017-05-11 18:29:50'),(41,'Dourado',NULL,'2017-05-11 18:37:23','2017-05-11 18:37:23'),(42,'Bronze',NULL,'2017-05-11 18:47:43','2017-05-11 18:47:43');
/*!40000 ALTER TABLE `estampas` ENABLE KEYS */;
UNLOCK TABLES;

--
-- Table structure for table `estoques`
--

DROP TABLE IF EXISTS `estoques`;
/*!40101 SET @saved_cs_client     = @@character_set_client */;
/*!40101 SET character_set_client = utf8 */;
CREATE TABLE `estoques` (
  `id` int(10) unsigned NOT NULL AUTO_INCREMENT,
  `lote` varchar(30) COLLATE utf8_unicode_ci NOT NULL,
  `valor` double(8,2) NOT NULL,
  `quantidade` double NOT NULL,
  `centrodistribuicao_id` int(10) unsigned NOT NULL,
  `produto_id` int(10) unsigned NOT NULL,
  `created_at` timestamp NULL DEFAULT NULL,
  `updated_at` timestamp NULL DEFAULT NULL,
  PRIMARY KEY (`id`),
  KEY `estoques_centrodistribuicao_id_foreign` (`centrodistribuicao_id`),
  KEY `estoques_produto_id_foreign` (`produto_id`)
) ENGINE=MyISAM AUTO_INCREMENT=156 DEFAULT CHARSET=utf8 COLLATE=utf8_unicode_ci;
/*!40101 SET character_set_client = @saved_cs_client */;

--
-- Dumping data for table `estoques`
--

LOCK TABLES `estoques` WRITE;
/*!40000 ALTER TABLE `estoques` DISABLE KEYS */;
INSERT INTO `estoques` VALUES (1,'1',42.13,2.5,1,4,'2017-08-08 19:23:29','2017-08-08 19:23:41'),(2,'1',84.25,109,1,5,'2017-08-08 19:23:29','2017-08-08 19:23:40'),(3,'1',126.38,40,1,6,'2017-08-08 19:23:29','2017-08-08 19:23:40'),(4,'1',210.63,35,1,8,'2017-08-08 19:23:29','2017-08-08 19:23:40'),(5,'1',557.55,18.87,1,22,'2017-08-08 19:23:29','2017-08-08 19:23:40'),(6,'1',163.55,65,1,7,'2017-08-08 19:23:29','2017-08-08 19:23:40'),(7,'1',515.18,18.87,1,20,'2017-08-08 19:23:29','2017-08-08 19:23:40'),(8,'1',343.45,25.53,1,14,'2017-08-08 19:23:29','2017-08-08 19:23:41'),(9,'1',546.40,1.11,1,21,'2017-08-08 19:23:29','2017-08-08 19:23:40'),(10,'1',501.80,28.2,1,18,'2017-08-08 19:23:29','2017-08-08 19:23:40'),(11,'1',501.80,44.82,1,19,'2017-08-08 19:23:29','2017-08-08 19:23:40'),(12,'1',321.15,45.37,1,12,'2017-08-08 19:23:29','2017-08-08 19:23:41'),(13,'1',338.99,45.37,1,13,'2017-08-08 19:23:29','2017-08-08 19:23:40'),(14,'1',240.86,66.42,1,11,'2017-08-08 19:23:29','2017-08-08 19:23:40'),(15,'1',363.52,66.42,1,17,'2017-08-08 19:23:29','2017-08-08 19:23:40'),(16,'1',354.60,21.06,1,15,'2017-08-08 19:23:29','2017-08-08 19:23:40'),(17,'1',354.60,21.06,1,16,'2017-08-08 19:23:29','2017-08-08 19:23:40'),(18,'1',167.27,71.28,1,3,'2017-08-08 19:23:29','2017-08-08 19:23:29'),(19,'1',167.27,69.66,1,10,'2017-08-08 19:23:29','2017-08-08 19:23:40'),(20,'1',557.55,12.6,1,26,'2017-08-08 19:23:29','2017-08-08 19:23:41'),(112,'1',408.87,18.34,2,23,'2017-08-08 19:23:41','2017-08-09 14:18:09'),(22,'1',557.55,32.45,1,25,'2017-08-08 19:23:29','2017-08-08 19:23:41'),(23,'1',490.64,29.47,1,24,'2017-08-08 19:23:29','2017-08-08 19:23:41'),(24,'1',235.41,5.4,1,28,'2017-08-08 19:23:29','2017-08-08 20:15:25'),(88,'1',322.14,15.4,2,34,'2017-08-08 19:23:40','2017-08-09 14:18:09'),(26,'1',247.80,11.55,1,30,'2017-08-08 19:23:29','2017-08-08 20:15:25'),(27,'1',272.58,11.55,1,31,'2017-08-08 19:23:29','2017-08-08 20:15:25'),(28,'1',185.85,7.7,1,27,'2017-08-08 19:23:29','2017-08-08 19:23:41'),(29,'1',322.14,3.85,1,35,'2017-08-08 19:23:29','2017-08-08 19:23:41'),(100,'1',235.41,21,2,29,'2017-08-08 19:23:41','2017-08-08 19:23:41'),(31,'1',272.58,28,1,32,'2017-08-08 19:23:29','2017-08-08 19:23:41'),(32,'1',309.75,14,1,33,'2017-08-08 19:23:29','2017-08-08 19:23:40'),(33,'1',1059.35,9.9,1,36,'2017-08-08 19:23:29','2017-08-08 19:23:40'),(34,'1',1304.67,11.7,1,37,'2017-08-08 19:23:29','2017-08-08 19:23:40'),(35,'1',104.08,36,1,40,'2017-08-08 19:23:29','2017-08-08 19:23:41'),(36,'1',39.65,20,1,39,'2017-08-08 19:23:29','2017-08-08 19:23:41'),(37,'1',137.67,5,1,57,'2017-08-08 19:23:29','2017-08-08 19:23:29'),(38,'1',1652.00,2,1,58,'2017-08-08 19:23:29','2017-08-08 19:23:29'),(93,'1',2065.00,5,2,56,'2017-08-08 19:23:40','2017-08-08 19:23:40'),(113,'1',31.22,248,2,38,'2017-08-08 19:23:41','2017-08-09 14:18:09'),(41,'2',42.13,114,1,4,'2017-08-08 19:23:32','2017-08-08 20:14:36'),(42,'2',84.25,60,1,5,'2017-08-08 19:23:32','2017-08-08 20:14:36'),(125,'2',126.38,100,4,6,'2017-08-08 20:14:36','2017-08-08 20:14:36'),(127,'2',210.63,30,4,8,'2017-08-08 20:14:36','2017-08-08 20:14:36'),(45,'2',546.40,6.66,1,21,'2017-08-08 19:23:32','2017-08-08 20:14:37'),(150,'2',501.80,16.92,4,18,'2017-08-08 20:14:37','2017-08-08 20:14:37'),(148,'2',321.15,16.5,4,12,'2017-08-08 20:14:37','2017-08-08 20:14:37'),(120,'2',240.86,34.02,4,11,'2017-08-08 20:14:36','2017-08-08 20:14:36'),(121,'2',363.52,34.02,4,17,'2017-08-08 20:14:36','2017-08-08 20:14:36'),(122,'2',167.27,53.46,4,10,'2017-08-08 20:14:36','2017-08-08 20:14:36'),(137,'2',557.55,35,4,26,'2017-08-08 20:14:37','2017-08-08 20:14:37'),(136,'2',408.87,35,4,23,'2017-08-08 20:14:37','2017-08-08 20:14:37'),(53,'2',235.41,31.68,1,28,'2017-08-08 19:23:32','2017-08-08 20:14:36'),(54,'2',260.19,23.76,1,41,'2017-08-08 19:23:32','2017-08-08 19:23:32'),(55,'2',284.97,23.76,1,42,'2017-08-08 19:23:32','2017-08-08 19:23:32'),(56,'2',260.19,14.85,1,43,'2017-08-08 19:23:32','2017-08-08 20:14:36'),(57,'2',284.97,23.76,1,44,'2017-08-08 19:23:32','2017-08-08 19:23:32'),(58,'2',247.87,11.88,1,45,'2017-08-08 19:23:32','2017-08-08 19:23:45'),(59,'2',235.41,31.68,1,46,'2017-08-08 19:23:32','2017-08-08 19:23:32'),(60,'2',334.53,11.55,1,47,'2017-08-08 19:23:32','2017-08-08 19:23:32'),(132,'2',247.80,15.4,4,30,'2017-08-08 20:14:37','2017-08-08 20:14:37'),(133,'2',272.58,15.4,4,31,'2017-08-08 20:14:37','2017-08-08 20:14:37'),(63,'2',297.36,11.55,1,48,'2017-08-08 19:23:32','2017-08-08 20:14:37'),(64,'2',185.85,23.1,1,27,'2017-08-08 19:23:32','2017-08-08 20:14:37'),(65,'2',272.58,21,1,32,'2017-08-08 19:23:32','2017-08-08 20:14:37'),(66,'2',31.22,2040,1,38,'2017-08-08 19:23:32','2017-08-08 20:14:37'),(146,'2',104.08,200,4,40,'2017-08-08 20:14:37','2017-08-08 20:14:37'),(68,'2',39.65,150,1,39,'2017-08-08 19:23:32','2017-08-08 20:14:37'),(126,'2',168.50,40,4,49,'2017-08-08 20:14:36','2017-08-08 20:14:36'),(129,'2',260.19,31.68,4,50,'2017-08-08 20:14:36','2017-08-08 20:14:36'),(71,'2',16.65,100,1,51,'2017-08-08 19:23:32','2017-08-08 20:14:37'),(72,'2',20.82,100,1,52,'2017-08-08 19:23:32','2017-08-08 20:14:37'),(143,'2',41.63,300,4,53,'2017-08-08 20:14:37','2017-08-08 20:14:37'),(74,'2',52.04,300,1,54,'2017-08-08 19:23:32','2017-08-08 20:14:37'),(145,'2',62.45,800,4,55,'2017-08-08 20:14:37','2017-08-08 20:14:37'),(135,'2',1652.00,2,4,58,'2017-08-08 20:14:37','2017-08-08 20:14:37'),(77,'2',2065.00,3,1,56,'2017-08-08 19:23:33','2017-08-08 20:14:37'),(78,'1',167.27,1.62,2,10,'2017-08-08 19:23:40','2017-08-08 19:23:40'),(79,'1',354.60,1.62,2,16,'2017-08-08 19:23:40','2017-08-08 19:23:40'),(128,'2',235.41,47.52,4,28,'2017-08-08 20:14:36','2017-08-08 20:14:36'),(81,'1',210.63,1,2,8,'2017-08-08 19:23:40','2017-08-08 19:23:40'),(82,'1',501.80,3.76,2,18,'2017-08-08 19:23:40','2017-08-08 20:14:24'),(83,'1',501.80,0.54,2,19,'2017-08-08 19:23:40','2017-08-08 19:23:40'),(84,'1',546.40,25.53,2,21,'2017-08-08 19:23:40','2017-08-08 19:23:40'),(85,'1',515.18,1.11,2,20,'2017-08-08 19:23:40','2017-08-08 19:23:40'),(86,'1',1304.67,0.18,2,37,'2017-08-08 19:23:40','2017-08-08 19:23:40'),(87,'1',1059.35,1.98,2,36,'2017-08-08 19:23:40','2017-08-08 19:23:40'),(89,'1',557.55,1.11,2,22,'2017-08-08 19:23:40','2017-08-08 19:23:40'),(90,'1',84.25,19.5,2,5,'2017-08-08 19:23:40','2017-08-09 14:18:09'),(124,'2',84.25,150,4,5,'2017-08-08 20:14:36','2017-08-08 20:14:36'),(92,'1',163.55,5,2,7,'2017-08-08 19:23:40','2017-08-08 19:23:40'),(94,'1',363.52,1.62,2,17,'2017-08-08 19:23:40','2017-08-08 19:23:40'),(95,'1',354.60,1.62,2,15,'2017-08-08 19:23:40','2017-08-08 19:23:40'),(96,'1',338.99,0.83,2,13,'2017-08-08 19:23:40','2017-08-08 19:23:40'),(97,'1',240.86,1.62,2,11,'2017-08-08 19:23:41','2017-08-08 19:23:41'),(98,'1',343.45,1.11,2,14,'2017-08-08 19:23:41','2017-08-08 19:23:41'),(99,'1',321.15,0.83,2,12,'2017-08-08 19:23:41','2017-08-08 19:23:41'),(101,'1',185.85,11.55,2,27,'2017-08-08 19:23:41','2017-08-08 19:23:41'),(102,'1',235.41,26.1,2,28,'2017-08-08 19:23:41','2017-08-08 19:23:41'),(103,'1',247.80,3.85,2,30,'2017-08-08 19:23:41','2017-08-08 19:23:41'),(104,'1',322.14,15.4,2,35,'2017-08-08 19:23:41','2017-08-08 19:23:41'),(106,'1',272.58,3.85,2,31,'2017-08-08 19:23:41','2017-08-08 19:23:41'),(107,'1',104.08,44,2,40,'2017-08-08 19:23:41','2017-08-08 19:23:41'),(108,'1',39.65,180,2,39,'2017-08-08 19:23:41','2017-08-08 19:23:41'),(109,'1',557.55,11.2,2,26,'2017-08-08 19:23:41','2017-08-09 14:18:09'),(110,'1',490.64,5.53,2,24,'2017-08-08 19:23:41','2017-08-08 19:23:41'),(155,'77',1858.50,1,1,56,'2017-08-22 13:11:18','2017-08-22 13:11:18'),(114,'1',42.13,80,2,4,'2017-08-08 19:23:41','2017-08-08 20:15:17'),(115,'2',2065.00,2,2,56,'2017-08-08 19:23:45','2017-08-08 19:23:45'),(116,'2',247.87,19.8,2,45,'2017-08-08 19:23:45','2017-08-08 19:23:45'),(123,'2',42.13,200,4,4,'2017-08-08 20:14:36','2017-08-08 20:14:36'),(118,'2',31.22,120,2,38,'2017-08-08 19:23:45','2017-08-08 20:14:33'),(119,'2',42.13,6,2,4,'2017-08-08 19:23:45','2017-08-08 19:23:45'),(130,'2',260.19,8.91,4,43,'2017-08-08 20:14:36','2017-08-08 20:14:36'),(131,'2',297.36,15.4,4,48,'2017-08-08 20:14:37','2017-08-08 20:14:37'),(134,'2',185.85,15.4,4,27,'2017-08-08 20:14:37','2017-08-08 20:14:37'),(138,'2',272.58,21,4,32,'2017-08-08 20:14:37','2017-08-08 20:14:37'),(139,'2',16.65,250,4,51,'2017-08-08 20:14:37','2017-08-08 20:14:37'),(140,'2',20.82,300,4,52,'2017-08-08 20:14:37','2017-08-08 20:14:37'),(141,'2',39.65,100,4,39,'2017-08-08 20:14:37','2017-08-08 20:14:37'),(142,'2',31.22,1000,4,38,'2017-08-08 20:14:37','2017-08-08 20:14:37'),(144,'2',52.04,1000,4,54,'2017-08-08 20:14:37','2017-08-08 20:14:37'),(147,'2',2065.00,4,4,56,'2017-08-08 20:14:37','2017-08-08 20:14:37'),(149,'2',546.40,19.98,4,21,'2017-08-08 20:14:37','2017-08-08 20:14:37'),(151,'1',235.41,0.18,4,28,'2017-08-08 20:15:25','2017-08-08 20:15:25'),(152,'1',247.80,3.85,4,30,'2017-08-08 20:15:25','2017-08-08 20:15:25'),(153,'1',272.58,3.85,4,31,'2017-08-08 20:15:25','2017-08-08 20:15:25'),(154,'24',1652.00,1,1,58,'2017-08-08 22:14:19','2017-08-08 22:14:19');
/*!40000 ALTER TABLE `estoques` ENABLE KEYS */;
UNLOCK TABLES;

--
-- Table structure for table `itens_pedidos`
--

DROP TABLE IF EXISTS `itens_pedidos`;
/*!40101 SET @saved_cs_client     = @@character_set_client */;
/*!40101 SET character_set_client = utf8 */;
CREATE TABLE `itens_pedidos` (
  `id` int(10) unsigned NOT NULL AUTO_INCREMENT,
  `pedido_id` int(10) unsigned NOT NULL,
  `produto_id` int(10) unsigned NOT NULL,
  `quantidade` double(8,2) NOT NULL,
  `preco` double(8,2) NOT NULL,
  `prazoentrega` int(11) NOT NULL,
  `created_at` timestamp NULL DEFAULT NULL,
  `updated_at` timestamp NULL DEFAULT NULL,
  `lote` int(11) DEFAULT NULL,
  PRIMARY KEY (`id`),
  KEY `itens_pedidos_pedido_id_foreign` (`pedido_id`),
  KEY `itens_pedidos_produto_id_foreign` (`produto_id`)
) ENGINE=MyISAM AUTO_INCREMENT=396 DEFAULT CHARSET=utf8 COLLATE=utf8_unicode_ci;
/*!40101 SET character_set_client = @saved_cs_client */;

--
-- Dumping data for table `itens_pedidos`
--

LOCK TABLES `itens_pedidos` WRITE;
/*!40000 ALTER TABLE `itens_pedidos` DISABLE KEYS */;
INSERT INTO `itens_pedidos` VALUES (156,1,4,90.00,42.13,2017,NULL,NULL,NULL),(3,1,5,150.00,84.25,2017,NULL,NULL,NULL),(7,1,6,50.00,126.38,2017,NULL,NULL,NULL),(5,1,8,36.00,210.63,2017,NULL,NULL,NULL),(6,1,22,19.98,557.55,2017,NULL,NULL,NULL),(8,1,7,70.00,163.55,2017,NULL,NULL,NULL),(9,1,20,19.98,515.18,2017,NULL,NULL,NULL),(10,1,14,26.64,343.45,2017,NULL,NULL,NULL),(11,1,21,26.64,546.40,2017,NULL,NULL,NULL),(12,1,18,39.48,501.80,2017,NULL,NULL,NULL),(13,1,19,45.36,501.80,2017,NULL,NULL,NULL),(14,1,12,46.20,321.15,2017,NULL,NULL,NULL),(15,1,13,46.20,338.99,2017,NULL,NULL,NULL),(16,1,11,68.04,240.86,2017,NULL,NULL,NULL),(17,1,17,68.04,363.52,2017,NULL,NULL,NULL),(18,1,15,22.68,354.60,2017,NULL,NULL,NULL),(19,1,16,22.68,354.60,2017,NULL,NULL,NULL),(20,1,3,71.28,167.27,2017,NULL,NULL,NULL),(161,5,56,1.00,2065.00,2017,'2017-08-04 18:25:21',NULL,1),(158,1,10,71.28,167.27,2017,NULL,NULL,NULL),(23,1,26,35.00,557.55,2017,NULL,NULL,NULL),(24,1,23,35.00,408.87,2017,NULL,NULL,NULL),(25,1,25,35.00,557.55,2017,NULL,NULL,NULL),(26,1,24,35.00,490.64,2017,NULL,NULL,NULL),(27,1,28,31.68,235.41,2017,NULL,NULL,NULL),(28,1,34,19.25,322.14,2017,NULL,NULL,NULL),(29,1,30,19.25,247.80,2017,NULL,NULL,NULL),(30,1,31,19.25,272.58,2017,NULL,NULL,NULL),(31,1,27,19.25,185.85,2017,NULL,NULL,NULL),(32,1,35,19.25,322.14,2017,NULL,NULL,NULL),(33,1,29,21.00,235.41,2017,NULL,NULL,NULL),(34,1,32,35.00,272.58,2017,NULL,NULL,NULL),(35,1,33,21.00,309.75,2017,NULL,NULL,NULL),(36,1,36,11.88,1059.35,2017,NULL,NULL,NULL),(37,1,37,11.88,1304.67,2017,NULL,NULL,NULL),(163,5,36,0.18,1059.35,2017,NULL,NULL,1),(39,1,40,80.00,104.08,2017,NULL,NULL,NULL),(40,1,39,200.00,39.65,2017,NULL,NULL,NULL),(41,2,4,320.00,42.13,2017,NULL,NULL,NULL),(42,2,5,210.00,84.25,2017,NULL,NULL,NULL),(44,2,6,100.00,126.38,2017,NULL,NULL,NULL),(45,2,8,30.00,210.63,2017,NULL,NULL,NULL),(46,2,21,26.64,546.40,2017,NULL,NULL,NULL),(47,2,18,16.92,501.80,2017,NULL,NULL,NULL),(48,2,12,16.50,321.15,2017,NULL,NULL,NULL),(193,2,11,34.02,240.86,90,'2017-07-31 19:44:38','2017-07-31 19:44:38',NULL),(50,2,17,34.02,363.52,2017,NULL,NULL,NULL),(51,2,10,53.46,167.27,2017,NULL,NULL,NULL),(52,2,26,35.00,557.55,2017,NULL,NULL,NULL),(53,2,23,35.00,408.87,2017,NULL,NULL,NULL),(54,2,28,79.20,235.41,2017,NULL,NULL,NULL),(55,2,41,23.76,260.19,2017,NULL,NULL,NULL),(56,2,42,23.76,284.97,2017,NULL,NULL,NULL),(57,2,43,23.76,260.19,2017,NULL,NULL,NULL),(58,2,44,23.76,284.97,2017,NULL,NULL,NULL),(59,2,45,31.68,247.87,2017,NULL,NULL,NULL),(60,2,46,31.68,235.41,2017,NULL,NULL,NULL),(61,2,47,11.55,334.53,2017,NULL,NULL,NULL),(62,2,30,15.40,247.80,2017,NULL,NULL,NULL),(63,2,31,15.40,272.58,2017,NULL,NULL,NULL),(64,2,48,26.95,297.36,2017,NULL,NULL,NULL),(65,2,27,38.50,185.85,2017,NULL,NULL,NULL),(66,2,32,42.00,272.58,2017,NULL,NULL,NULL),(67,2,38,3200.00,31.22,2017,NULL,NULL,NULL),(68,2,40,200.00,104.08,2017,NULL,NULL,NULL),(69,2,39,250.00,39.65,2017,NULL,NULL,NULL),(70,2,49,40.00,168.50,2017,NULL,NULL,NULL),(71,2,50,31.68,260.19,2017,NULL,NULL,NULL),(72,2,51,350.00,16.65,2017,NULL,NULL,NULL),(73,2,52,400.00,20.82,2017,NULL,NULL,NULL),(74,2,53,300.00,41.63,2017,NULL,NULL,NULL),(75,2,54,1320.00,52.04,2017,NULL,NULL,NULL),(76,2,55,800.00,62.45,2017,NULL,NULL,NULL),(77,1,57,5.00,137.67,2017,NULL,NULL,NULL),(78,1,58,2.00,1652.00,2017,NULL,NULL,NULL),(79,1,56,5.00,2065.00,2017,NULL,NULL,NULL),(80,2,58,2.00,1652.00,2017,NULL,NULL,NULL),(81,2,56,9.00,2065.00,2017,NULL,NULL,NULL),(107,3,10,1.62,167.27,2017,'2017-07-31 19:03:00',NULL,1),(112,3,16,1.62,354.60,2017,'2017-07-31 19:01:38',NULL,1),(127,3,33,7.00,309.75,2017,NULL,NULL,1),(125,3,8,1.00,210.63,2017,NULL,NULL,1),(118,3,18,11.28,501.80,2017,NULL,NULL,1),(119,3,19,0.54,501.80,2017,NULL,NULL,1),(117,3,21,25.53,546.40,2017,NULL,NULL,1),(116,3,20,1.11,515.18,2017,NULL,NULL,1),(121,3,37,0.18,1304.67,2017,NULL,NULL,1),(120,3,36,1.98,1059.35,2017,NULL,NULL,1),(126,3,34,19.25,322.14,2017,NULL,NULL,1),(115,3,22,1.11,557.55,2017,NULL,NULL,1),(122,3,5,41.00,84.25,2017,NULL,NULL,1),(123,3,6,10.00,126.38,2017,NULL,NULL,1),(124,3,7,5.00,163.55,2017,NULL,NULL,1),(151,3,56,5.00,2065.00,2017,NULL,NULL,1),(113,3,17,1.62,363.52,2017,NULL,NULL,1),(111,3,15,1.62,354.60,2017,NULL,NULL,1),(109,3,13,0.83,338.99,2017,NULL,NULL,1),(110,3,11,1.62,240.86,2017,NULL,NULL,1),(152,3,14,1.11,343.45,2017,NULL,NULL,1),(108,3,12,0.83,321.15,2017,NULL,NULL,1),(128,3,29,21.00,235.41,2017,NULL,NULL,1),(129,3,27,11.55,185.85,2017,NULL,NULL,1),(130,3,28,26.10,235.41,2017,NULL,NULL,1),(131,3,30,3.85,247.80,2017,NULL,NULL,1),(132,3,35,15.40,322.14,2017,NULL,NULL,1),(133,3,32,7.00,272.58,2017,NULL,NULL,1),(134,3,31,3.85,272.58,2017,NULL,NULL,1),(135,3,40,44.00,104.08,2017,NULL,NULL,1),(168,3,39,180.00,39.65,2017,NULL,NULL,1),(137,3,26,22.40,557.55,2017,NULL,NULL,1),(138,3,24,5.53,490.64,2017,NULL,NULL,1),(139,3,25,2.55,557.55,2017,NULL,NULL,1),(140,3,23,35.00,408.87,2017,NULL,NULL,1),(146,4,56,2.00,2065.00,2017,'2017-07-31 19:07:31',NULL,2),(142,4,45,19.80,247.87,2017,NULL,NULL,2),(143,4,54,20.00,52.04,2017,NULL,NULL,2),(155,4,38,160.00,31.22,2017,NULL,NULL,2),(157,1,38,280.00,31.22,2017,NULL,NULL,NULL),(164,5,37,0.18,1304.67,2017,NULL,NULL,1),(166,7,33,7.00,309.75,2017,'2017-08-04 18:28:29',NULL,1),(169,3,38,280.00,31.22,2017,NULL,NULL,1),(189,3,4,87.50,42.13,5,'2017-07-27 19:06:07','2017-07-27 19:06:07',1),(190,4,4,6.00,42.13,5,'2017-07-27 19:07:48','2017-07-27 19:07:48',2),(172,9,6,10.00,126.38,2017,'2017-08-04 18:29:11',NULL,1),(173,10,18,7.52,501.80,2017,'2017-08-04 18:45:36',NULL,1),(174,10,38,22.00,31.22,2017,NULL,NULL,1),(175,10,25,1.15,557.55,2017,NULL,NULL,1),(176,11,54,20.00,52.04,2017,'2017-08-04 18:51:09',NULL,2),(177,12,5,10.00,84.25,2017,'2017-08-04 18:52:16',NULL,1),(248,13,38,40.00,31.22,5,'2017-08-04 18:59:11','2017-08-04 18:59:11',2),(188,14,38,40.00,31.22,5,'2017-07-27 18:25:03','2017-07-27 18:25:03',NULL),(194,20,11,34.02,240.86,5,'2017-07-31 19:46:32','2017-07-31 19:46:32',2),(192,20,17,34.02,363.52,5,'2017-07-31 19:34:33','2017-07-31 19:34:33',2),(191,20,10,53.46,167.27,5,'2017-07-31 19:21:07','2017-07-31 19:21:07',2),(187,16,58,2.00,1652.00,90,'2017-07-27 17:47:06','2017-07-27 17:47:06',NULL),(186,16,3,12.40,167.27,90,'2017-07-27 17:45:17','2017-07-27 17:45:17',NULL),(195,20,4,200.00,42.13,5,'2017-07-31 19:50:27','2017-07-31 19:50:27',2),(196,20,5,150.00,84.25,5,'2017-07-31 19:51:12','2017-07-31 19:51:12',2),(197,20,6,100.00,126.38,5,'2017-07-31 19:52:12','2017-07-31 19:52:12',2),(198,20,49,40.00,168.50,5,'2017-07-31 19:53:22','2017-07-31 19:53:22',2),(199,20,8,30.00,210.63,5,'2017-07-31 19:54:05','2017-07-31 19:54:05',2),(224,20,28,47.52,235.41,5,'2017-07-31 20:38:22','2017-07-31 20:38:22',2),(249,20,50,31.68,260.19,5,'2017-08-08 19:34:23','2017-08-08 19:34:23',2),(202,20,43,8.91,260.19,5,'2017-07-31 19:56:52','2017-07-31 19:56:52',2),(203,20,48,15.40,297.36,5,'2017-07-31 19:57:35','2017-07-31 19:57:35',2),(204,20,30,15.40,247.80,5,'2017-07-31 19:58:18','2017-07-31 19:58:18',2),(205,20,31,15.40,272.58,5,'2017-07-31 19:59:40','2017-07-31 19:59:40',2),(206,20,27,15.40,185.85,5,'2017-07-31 20:00:30','2017-07-31 20:00:30',2),(207,20,58,2.00,1652.00,5,'2017-07-31 20:01:08','2017-07-31 20:01:08',2),(208,20,23,35.00,408.87,5,'2017-07-31 20:03:00','2017-07-31 20:03:00',2),(209,20,26,35.00,557.55,5,'2017-07-31 20:04:35','2017-07-31 20:04:35',2),(210,20,32,21.00,272.58,5,'2017-07-31 20:08:39','2017-07-31 20:08:39',2),(218,20,51,250.00,16.65,5,'2017-07-31 20:26:46','2017-07-31 20:26:46',2),(212,20,52,300.00,20.82,5,'2017-07-31 20:16:08','2017-07-31 20:16:08',2),(213,20,39,100.00,39.65,5,'2017-07-31 20:16:51','2017-07-31 20:16:51',2),(214,20,38,1000.00,31.22,5,'2017-07-31 20:17:53','2017-07-31 20:17:53',2),(215,20,53,300.00,41.63,5,'2017-07-31 20:18:53','2017-07-31 20:18:53',2),(216,20,54,1000.00,52.04,5,'2017-07-31 20:20:56','2017-07-31 20:20:56',2),(217,20,55,800.00,62.45,5,'2017-07-31 20:22:31','2017-07-31 20:22:31',2),(219,20,40,200.00,104.08,5,'2017-07-31 20:28:03','2017-07-31 20:28:03',2),(220,20,56,4.00,2065.00,5,'2017-07-31 20:28:51','2017-07-31 20:28:51',2),(221,20,12,16.50,321.15,5,'2017-07-31 20:29:53','2017-07-31 20:29:53',2),(222,20,21,19.98,546.40,5,'2017-07-31 20:30:45','2017-07-31 20:30:45',2),(223,20,18,16.92,501.80,5,'2017-07-31 20:31:42','2017-07-31 20:31:42',2),(226,21,28,0.18,235.41,5,'2017-08-01 12:38:05','2017-08-01 12:38:05',1),(227,21,30,3.85,247.80,5,'2017-08-01 12:38:51','2017-08-01 12:38:51',1),(228,21,31,3.85,272.58,5,'2017-08-01 12:39:48','2017-08-01 12:39:48',1),(250,23,4,7.50,42.13,5,'2017-08-08 19:52:19','2017-08-08 19:52:19',1),(251,23,5,7.00,84.25,5,'2017-08-08 19:53:03','2017-08-08 19:53:03',1),(384,22,4,38.00,42.13,5,'2017-08-21 17:50:37','2017-08-21 17:50:37',2),(388,22,5,3.00,84.25,5,'2017-08-22 13:05:17','2017-08-22 13:05:17',2),(233,22,6,30.00,126.38,5,'2017-08-01 20:36:45','2017-08-01 20:36:45',1),(234,22,10,53.46,167.27,5,'2017-08-01 20:38:42','2017-08-01 20:38:42',1),(235,22,13,43.74,338.99,5,'2017-08-01 20:39:51','2017-08-01 20:39:51',1),(236,22,28,15.84,235.41,5,'2017-08-02 13:42:06','2017-08-02 13:42:06',2),(237,22,46,15.84,235.41,5,'2017-08-02 13:43:50','2017-08-02 13:43:50',2),(238,22,30,11.55,247.80,5,'2017-08-02 13:44:34','2017-08-02 13:44:34',1),(239,22,48,11.55,297.36,5,'2017-08-02 13:45:36','2017-08-02 13:45:36',2),(240,22,27,11.55,185.85,5,'2017-08-02 13:46:25','2017-08-02 13:46:25',2),(241,22,32,14.00,272.58,5,'2017-08-02 13:48:30','2017-08-02 13:48:30',2),(242,22,52,20.00,20.82,5,'2017-08-02 13:49:40','2017-08-02 13:49:40',2),(243,22,38,300.00,31.22,5,'2017-08-02 13:51:16','2017-08-02 13:51:16',2),(244,22,54,130.00,52.04,5,'2017-08-02 13:52:29','2017-08-02 13:52:29',2),(245,22,40,20.00,104.08,5,'2017-08-02 13:53:42','2017-08-02 13:53:42',1),(246,22,39,140.00,39.65,5,'2017-08-02 13:54:46','2017-08-02 13:54:46',2),(389,77,56,1.00,1858.50,90,'2017-08-22 13:10:29','2017-08-22 13:10:29',NULL),(252,24,58,1.00,1652.00,90,'2017-08-08 22:14:08','2017-08-08 22:14:08',NULL),(253,26,58,1.00,1652.00,5,'2017-08-08 22:55:49','2017-08-08 22:55:49',NULL),(254,27,39,10.00,39.65,5,'2017-08-09 12:50:04','2017-08-09 12:50:04',1),(255,27,12,0.83,321.15,5,'2017-08-09 12:55:19','2017-08-09 12:55:19',1),(256,27,13,0.83,338.99,5,'2017-08-09 12:55:57','2017-08-09 12:55:57',1),(257,27,14,1.11,343.45,5,'2017-08-09 12:56:45','2017-08-09 12:56:45',1),(258,27,22,1.11,557.55,5,'2017-08-09 13:02:13','2017-08-09 13:02:13',1),(259,27,20,1.11,515.18,5,'2017-08-09 13:02:54','2017-08-09 13:02:54',1),(260,27,21,1.11,546.40,5,'2017-08-09 13:04:08','2017-08-09 13:04:08',1),(261,27,18,1.41,501.80,5,'2017-08-09 13:04:43','2017-08-09 13:04:43',1),(262,27,19,0.54,501.80,5,'2017-08-09 13:05:26','2017-08-09 13:05:26',1),(263,27,3,1.08,167.27,5,'2017-08-09 13:11:41','2017-08-09 13:11:41',1),(264,27,11,1.62,240.86,5,'2017-08-09 13:12:24','2017-08-09 13:12:24',1),(265,27,17,1.62,363.52,5,'2017-08-09 13:12:58','2017-08-09 13:12:58',1),(266,27,16,1.62,354.60,5,'2017-08-09 13:13:33','2017-08-09 13:13:33',1),(267,27,15,1.62,354.60,5,'2017-08-09 13:14:20','2017-08-09 13:14:20',1),(268,27,4,4.00,42.13,5,'2017-08-09 13:15:08','2017-08-09 13:15:08',1),(269,27,5,1.00,84.25,5,'2017-08-09 13:15:35','2017-08-09 13:15:35',1),(270,27,7,1.00,163.55,5,'2017-08-09 13:16:19','2017-08-09 13:16:19',1),(271,27,8,1.00,210.63,5,'2017-08-09 13:16:51','2017-08-09 13:16:51',1),(272,27,28,1.98,235.41,5,'2017-08-09 13:17:34','2017-08-09 13:17:34',1),(273,27,35,3.85,322.14,5,'2017-08-09 13:18:01','2017-08-09 13:18:01',1),(274,28,38,10.00,31.22,5,'2017-08-09 13:48:50','2017-08-09 13:48:50',1),(275,28,34,3.85,322.14,5,'2017-08-09 13:52:58','2017-08-09 13:52:58',1),(276,28,23,16.66,408.87,5,'2017-08-09 13:56:29','2017-08-09 13:56:29',1),(277,28,26,11.20,557.55,5,'2017-08-09 14:05:08','2017-08-09 14:05:08',1),(278,28,32,7.00,272.58,5,'2017-08-09 14:05:49','2017-08-09 14:05:49',1),(279,28,25,1.40,557.55,5,'2017-08-09 14:06:26','2017-08-09 14:06:26',1),(280,28,5,4.50,84.25,5,'2017-08-09 14:08:44','2017-08-09 14:08:44',1),(281,29,28,5.94,235.41,5,'2017-08-09 14:10:21','2017-08-09 14:10:21',1),(282,29,23,14.70,408.87,5,'2017-08-09 14:11:33','2017-08-09 14:11:33',1),(283,29,26,11.20,557.55,5,'2017-08-09 14:13:18','2017-08-09 14:13:18',1),(284,30,38,8.00,31.22,5,'2017-08-09 14:24:02','2017-08-09 14:24:02',1),(285,30,7,4.00,163.55,5,'2017-08-09 14:24:45','2017-08-09 14:24:45',1),(286,30,34,3.85,322.14,5,'2017-08-09 14:25:16','2017-08-09 14:25:16',1),(287,30,23,1.40,408.87,5,'2017-08-09 14:26:45','2017-08-09 14:26:45',1),(373,74,24,2.80,490.64,5,'2017-08-15 13:08:12','2017-08-15 13:08:12',1),(372,74,40,0.50,104.08,5,'2017-08-15 13:07:47','2017-08-15 13:07:47',1),(294,31,24,2.73,490.64,5,'2017-08-09 18:38:44','2017-08-09 18:38:44',1),(296,31,40,3.50,104.08,5,'2017-08-09 18:41:18','2017-08-09 18:41:18',1),(299,31,5,22.00,84.25,5,'2017-08-09 18:46:22','2017-08-09 18:46:22',1),(300,31,38,56.00,31.22,5,'2017-08-09 18:48:31','2017-08-09 18:48:31',1),(295,31,29,1.00,235.41,5,'2017-08-09 18:39:40','2017-08-09 18:39:40',1),(297,31,4,6.00,42.13,5,'2017-08-09 18:42:50','2017-08-09 18:42:50',1),(301,31,21,28.86,546.40,5,'2017-08-09 18:51:16','2017-08-09 18:51:16',1),(302,31,36,1.80,1059.35,5,'2017-08-09 18:51:54','2017-08-09 18:51:54',1),(303,31,23,0.42,408.87,5,'2017-08-09 18:53:01','2017-08-09 18:53:01',1),(304,32,38,15.00,31.22,5,'2017-08-09 20:03:46','2017-08-09 20:03:46',1),(305,33,38,13.00,31.22,5,'2017-08-09 20:06:38','2017-08-09 20:06:38',1),(306,35,40,10.00,104.08,5,'2017-08-09 20:12:47','2017-08-09 20:12:47',1),(307,36,29,20.00,235.41,5,'2017-08-09 20:14:24','2017-08-09 20:14:24',1),(308,37,24,1.68,490.64,5,'2017-08-09 20:47:52','2017-08-09 20:47:52',1),(309,37,40,0.50,104.08,5,'2017-08-09 20:48:55','2017-08-09 20:48:55',1),(310,37,4,6.00,42.13,5,'2017-08-09 20:49:36','2017-08-09 20:49:36',1),(311,37,5,5.00,84.25,5,'2017-08-09 20:50:26','2017-08-09 20:50:26',1),(312,37,38,30.00,31.22,5,'2017-08-09 20:51:34','2017-08-09 20:51:34',1),(313,37,21,24.42,546.40,5,'2017-08-09 20:54:03','2017-08-09 20:54:03',1),(314,37,36,1.80,1059.35,5,'2017-08-09 20:56:41','2017-08-09 20:56:41',1),(315,37,23,0.42,408.87,5,'2017-08-09 20:57:55','2017-08-09 20:57:55',1),(316,38,38,20.00,31.22,5,'2017-08-09 21:01:17','2017-08-09 21:01:17',1),(317,40,40,1.50,104.08,5,'2017-08-09 21:03:19','2017-08-09 21:03:19',1),(318,41,40,0.75,104.08,5,'2017-08-09 21:04:39','2017-08-09 21:04:39',1),(319,39,40,0.75,104.08,5,'2017-08-09 21:08:01','2017-08-09 21:08:01',1),(320,27,38,10.00,31.22,5,'2017-08-10 12:16:58','2017-08-10 12:16:58',1),(321,42,38,5.00,31.22,5,'2017-08-10 12:27:15','2017-08-10 12:27:15',1),(322,42,21,4.44,546.40,5,'2017-08-10 12:28:01','2017-08-10 12:28:01',1),(323,42,5,1.00,84.25,5,'2017-08-10 12:28:24','2017-08-10 12:28:24',1),(324,29,33,7.00,309.75,5,'2017-08-10 12:42:25','2017-08-10 12:42:25',NULL),(325,43,38,10.00,31.22,5,'2017-08-10 12:46:56','2017-08-10 12:46:56',1),(326,43,34,3.85,322.14,5,'2017-08-10 12:47:13','2017-08-10 12:47:13',1),(327,43,23,16.66,408.87,5,'2017-08-10 12:47:44','2017-08-10 12:47:44',1),(328,43,26,11.20,557.55,5,'2017-08-10 12:48:20','2017-08-10 12:48:20',1),(329,43,32,7.00,272.58,5,'2017-08-10 12:49:05','2017-08-10 12:49:05',NULL),(330,43,5,4.50,84.25,5,'2017-08-10 12:57:06','2017-08-10 12:57:06',1),(331,43,25,1.40,557.55,5,'2017-08-10 12:57:52','2017-08-10 12:57:52',NULL),(332,47,38,10.00,31.22,5,'2017-08-10 13:54:33','2017-08-10 13:54:33',1),(333,47,18,9.87,501.80,5,'2017-08-10 13:58:16','2017-08-10 13:58:16',1),(334,47,5,3.50,84.25,5,'2017-08-10 13:58:49','2017-08-10 13:58:49',1),(335,48,38,12.00,31.22,5,'2017-08-10 14:00:07','2017-08-10 14:00:07',1),(382,48,25,1.15,557.55,5,'2017-08-16 11:54:20','2017-08-16 11:54:20',NULL),(362,49,56,1.00,2065.00,5,'2017-08-11 13:25:47','2017-08-11 13:25:47',2),(338,50,5,2.50,84.25,5,'2017-08-10 19:52:30','2017-08-10 19:52:30',1),(339,51,38,50.00,31.22,5,'2017-08-10 23:22:01','2017-08-10 23:22:01',1),(368,65,56,1.00,2065.00,5,'2017-08-11 14:11:40','2017-08-11 14:11:40',2),(341,54,38,30.00,31.22,5,'2017-08-11 12:08:47','2017-08-11 12:08:47',1),(381,52,45,19.80,247.87,5,'2017-08-16 11:41:29','2017-08-16 11:41:29',2),(343,55,4,76.00,42.13,5,'2017-08-11 12:22:41','2017-08-11 12:22:41',1),(344,56,39,20.00,39.65,5,'2017-08-11 12:25:17','2017-08-11 12:25:17',1),(345,56,38,20.00,31.22,5,'2017-08-11 12:25:43','2017-08-11 12:25:43',1),(346,56,40,20.00,104.08,5,'2017-08-11 12:26:07','2017-08-11 12:26:07',1),(347,57,38,4.00,31.22,5,'2017-08-11 12:29:07','2017-08-11 12:29:07',1),(348,58,39,50.00,39.65,5,'2017-08-11 12:32:47','2017-08-11 12:32:47',1),(349,58,38,50.00,31.22,5,'2017-08-11 12:33:26','2017-08-11 12:33:26',1),(350,59,39,100.00,39.65,5,'2017-08-11 12:43:33','2017-08-11 12:43:33',1),(351,59,38,100.00,31.22,5,'2017-08-11 12:44:03','2017-08-11 12:44:03',1),(352,59,40,10.00,104.08,5,'2017-08-11 12:44:28','2017-08-11 12:44:28',1),(353,59,28,15.84,235.41,5,'2017-08-11 12:45:13','2017-08-11 12:45:13',1),(354,59,34,11.55,322.14,5,'2017-08-11 12:48:09','2017-08-11 12:48:09',1),(355,59,35,11.55,322.14,5,'2017-08-11 12:48:31','2017-08-11 12:48:31',1),(356,59,27,11.55,185.85,5,'2017-08-11 12:48:50','2017-08-11 12:48:50',1),(375,34,38,60.00,31.22,5,'2017-08-15 13:20:01','2017-08-15 13:20:01',1),(359,60,23,0.42,408.87,5,'2017-08-11 13:14:06','2017-08-11 13:14:06',1),(379,61,38,2.00,31.22,5,'2017-08-15 13:36:09','2017-08-15 13:36:09',1),(361,61,28,2.16,235.41,5,'2017-08-11 13:16:47','2017-08-11 13:16:47',1),(363,62,56,1.00,2065.00,5,'2017-08-11 13:33:03','2017-08-11 13:33:03',1),(364,63,56,1.00,2065.00,5,'2017-08-11 13:34:42','2017-08-11 13:34:42',1),(365,64,36,0.18,1059.35,5,'2017-08-11 13:35:53','2017-08-11 13:35:53',1),(380,64,58,1.00,1652.00,5,'2017-08-15 13:38:32','2017-08-15 13:38:32',NULL),(367,64,37,0.18,1304.67,5,'2017-08-11 13:37:03','2017-08-11 13:37:03',1),(369,70,56,1.00,2065.00,5,'2017-08-14 13:30:22','2017-08-14 13:30:22',1),(370,71,5,2.50,84.25,5,'2017-08-14 13:47:50','2017-08-14 13:47:50',1),(371,72,56,1.00,2065.00,5,'2017-08-14 14:03:41','2017-08-14 14:03:41',1),(374,74,23,1.40,408.87,5,'2017-08-15 13:08:31','2017-08-15 13:08:31',1),(377,76,25,2.00,557.55,5,'2017-08-15 13:31:39','2017-08-15 13:31:39',1),(390,22,56,1.00,1858.50,5,'2017-08-22 13:11:49','2017-08-22 13:11:49',77),(392,79,45,5.94,247.87,5,'2017-08-28 20:48:02','2017-08-28 20:48:02',2),(394,81,5,150.00,84.25,5,'2017-08-28 21:00:06','2017-08-28 21:00:06',1),(395,80,5,150.00,84.25,5,'2017-08-28 21:00:48','2017-08-28 21:00:48',1);
/*!40000 ALTER TABLE `itens_pedidos` ENABLE KEYS */;
UNLOCK TABLES;

--
-- Table structure for table `migrations`
--

DROP TABLE IF EXISTS `migrations`;
/*!40101 SET @saved_cs_client     = @@character_set_client */;
/*!40101 SET character_set_client = utf8 */;
CREATE TABLE `migrations` (
  `id` int(10) unsigned NOT NULL AUTO_INCREMENT,
  `migration` varchar(191) COLLATE utf8_unicode_ci NOT NULL,
  `batch` int(11) NOT NULL,
  PRIMARY KEY (`id`)
) ENGINE=MyISAM AUTO_INCREMENT=367 DEFAULT CHARSET=utf8 COLLATE=utf8_unicode_ci;
/*!40101 SET character_set_client = @saved_cs_client */;

--
-- Dumping data for table `migrations`
--

LOCK TABLES `migrations` WRITE;
/*!40000 ALTER TABLE `migrations` DISABLE KEYS */;
INSERT INTO `migrations` VALUES (353,'2014_10_12_000000_create_users_table',1),(354,'2014_10_12_100000_create_password_resets_table',1),(355,'2017_03_09_150751_create_classes_table',1),(356,'2017_03_09_150941_create_estampas_table',1),(357,'2017_03_09_150980_create_tipo_produtos_table',1),(358,'2017_03_11_021700_create_produtos_table',1),(359,'2017_03_11_150300_create_centro_distribuicaoes_table',1),(360,'2017_03_13_142108_create_estoques_table',1),(361,'2017_03_14_171413_create_clientes_table',1),(362,'2017_03_29_210844_create_pedidos_table',1),(363,'2017_03_30_204311_create_itens_pedidos_table',1),(364,'2017_04_05_123133_add_users_to_centro_distribuicoes_table',1),(365,'2017_04_29_183246_add_lote_itens_pedido_table',1),(366,'2017_06_02_015605_add_codigo_produtos_table',2);
/*!40000 ALTER TABLE `migrations` ENABLE KEYS */;
UNLOCK TABLES;

--
-- Table structure for table `password_resets`
--

DROP TABLE IF EXISTS `password_resets`;
/*!40101 SET @saved_cs_client     = @@character_set_client */;
/*!40101 SET character_set_client = utf8 */;
CREATE TABLE `password_resets` (
  `email` varchar(191) COLLATE utf8_unicode_ci NOT NULL,
  `token` varchar(191) COLLATE utf8_unicode_ci NOT NULL,
  `created_at` timestamp NULL DEFAULT NULL,
  KEY `password_resets_email_index` (`email`),
  KEY `password_resets_token_index` (`token`)
) ENGINE=MyISAM DEFAULT CHARSET=utf8 COLLATE=utf8_unicode_ci;
/*!40101 SET character_set_client = @saved_cs_client */;

--
-- Dumping data for table `password_resets`
--

LOCK TABLES `password_resets` WRITE;
/*!40000 ALTER TABLE `password_resets` DISABLE KEYS */;
/*!40000 ALTER TABLE `password_resets` ENABLE KEYS */;
UNLOCK TABLES;

--
-- Table structure for table `pedidos`
--

DROP TABLE IF EXISTS `pedidos`;
/*!40101 SET @saved_cs_client     = @@character_set_client */;
/*!40101 SET character_set_client = utf8 */;
CREATE TABLE `pedidos` (
  `id` int(10) unsigned NOT NULL AUTO_INCREMENT,
  `tipo` enum('1','2','3') COLLATE utf8_unicode_ci DEFAULT NULL,
  `status` enum('1','2') COLLATE utf8_unicode_ci NOT NULL,
  `valor_base` double(8,2) NOT NULL DEFAULT '0.00',
  `desconto` double(8,2) NOT NULL DEFAULT '0.00',
  `forma_pagamento` text COLLATE utf8_unicode_ci NOT NULL,
  `obs` text COLLATE utf8_unicode_ci,
  `origem_id` int(10) unsigned DEFAULT NULL,
  `destino_id` int(10) unsigned DEFAULT NULL,
  `cliente_id` int(10) unsigned DEFAULT NULL,
  `date_confirmacao` date DEFAULT NULL,
  `created_at` timestamp NULL DEFAULT NULL,
  `updated_at` timestamp NULL DEFAULT NULL,
  PRIMARY KEY (`id`),
  KEY `pedidos_origem_id_foreign` (`origem_id`),
  KEY `pedidos_destino_id_foreign` (`destino_id`),
  KEY `pedidos_cliente_id_foreign` (`cliente_id`)
) ENGINE=MyISAM AUTO_INCREMENT=82 DEFAULT CHARSET=utf8 COLLATE=utf8_unicode_ci;
/*!40101 SET character_set_client = @saved_cs_client */;

--
-- Dumping data for table `pedidos`
--

LOCK TABLES `pedidos` WRITE;
/*!40000 ALTER TABLE `pedidos` DISABLE KEYS */;
INSERT INTO `pedidos` VALUES (1,'1','2',433397.02,46.00,'A vista',NULL,NULL,1,NULL,'2017-08-08','2017-06-23 21:14:24','2017-08-08 19:23:29'),(2,'1','2',552962.00,46.00,'A vista',NULL,NULL,1,NULL,'2017-08-08','2017-06-23 22:13:20','2017-08-08 19:23:32'),(3,'2','2',128358.86,46.00,'A vista',NULL,1,2,NULL,'2017-08-08','2017-07-03 22:05:56','2017-08-08 19:23:40'),(4,'2','2',15326.61,46.00,'A vista',NULL,1,2,NULL,'2017-08-08','2017-07-06 16:35:21','2017-08-08 19:23:45'),(7,'3','2',2168.25,0.00,'3 x',NULL,2,NULL,10,'2017-08-08','2017-07-24 21:43:44','2017-08-08 20:14:20'),(9,'3','2',1263.80,0.00,'A vista',NULL,2,NULL,11,'2017-08-08','2017-07-24 23:03:08','2017-08-08 20:14:22'),(10,'3','2',5101.56,61.60,'A vista','MATERIAL SHOW ROOM',2,NULL,10,'2017-08-08','2017-07-24 23:12:02','2017-08-08 20:14:24'),(11,'3','2',1040.80,0.00,'A vista',NULL,2,NULL,12,'2017-08-08','2017-07-24 23:18:06','2017-08-08 20:14:26'),(12,'3','2',842.50,0.00,'A vista',NULL,2,NULL,13,'2017-08-08','2017-07-24 23:19:56','2017-08-08 20:14:28'),(13,'3','2',1248.80,0.00,'A vista',NULL,2,NULL,14,'2017-08-08','2017-07-24 23:21:32','2017-08-08 20:14:32'),(27,'3','1',9055.54,0.00,'a vista',NULL,2,NULL,9,'2017-08-10','2017-08-09 12:42:49','2017-08-10 12:16:58'),(24,'1','2',1652.00,0.00,'A vista',NULL,NULL,1,NULL,'2017-08-08','2017-08-08 22:13:19','2017-08-08 22:14:19'),(20,'2','2',368123.92,46.00,'A vista',NULL,1,4,NULL,'2017-08-08','2017-07-31 18:46:35','2017-08-08 20:14:36'),(23,'3','2',905.73,52.00,'a vista',NULL,2,NULL,8,'2017-08-08','2017-08-08 19:50:07','2017-08-08 20:15:17'),(21,'2','2',2045.84,46.00,'A vista',NULL,1,4,NULL,'2017-08-08','2017-08-01 12:36:09','2017-08-08 20:15:25'),(22,'2','1',75170.54,50.00,'A vista',NULL,1,5,NULL,'2017-08-22','2017-08-01 20:30:13','2017-08-22 13:11:49'),(28,'3','2',17676.53,0.00,'a vista',NULL,2,NULL,16,'2017-08-09','2017-08-09 13:47:18','2017-08-09 14:18:09'),(29,'3','1',15821.53,0.00,'a vista','Em estoque',2,NULL,16,'2017-08-10','2017-08-09 14:09:36','2017-08-10 12:43:28'),(30,'3','1',2716.62,0.00,'a vista',NULL,2,NULL,3,'2017-08-15','2017-08-09 14:22:32','2017-08-15 13:05:41'),(32,'3','1',468.30,0.00,'a vista','Palco e pupito',2,NULL,10,'2017-08-09','2017-08-09 20:02:24','2017-08-09 20:11:04'),(33,'3','1',405.86,0.00,'a vista','retirada dia 24/04-3 rolos',2,NULL,10,'2017-08-09','2017-08-09 20:05:27','2017-08-09 20:06:38'),(34,'3','1',1873.20,0.00,'a vista','Paineis, janelas e colunas',2,NULL,10,'2017-08-15','2017-08-09 20:08:06','2017-08-15 13:20:01'),(35,'3','1',1040.80,0.00,'a vista','Complemento painéis',2,NULL,10,'2017-08-09','2017-08-09 20:12:08','2017-08-09 20:12:47'),(36,'3','1',4708.20,0.00,'a vista','Colunas',2,NULL,10,'2017-08-09','2017-08-09 20:13:52','2017-08-09 20:14:24'),(37,'3','1',17908.59,0.00,'a vista',NULL,2,NULL,17,'2017-08-09','2017-08-09 20:47:12','2017-08-09 20:57:55'),(38,'3','1',624.40,0.00,'a vista',NULL,2,NULL,2,'2017-08-09','2017-08-09 20:59:14','2017-08-09 21:01:17'),(39,'3','1',78.06,0.00,'a vista',NULL,2,NULL,23,'2017-08-09','2017-08-09 21:02:40','2017-08-09 21:08:01'),(40,'3','1',156.12,0.00,'a vista',NULL,2,NULL,23,'2017-08-09','2017-08-09 21:02:40','2017-08-09 21:03:19'),(41,'3','1',78.06,0.00,'a vista',NULL,2,NULL,23,'2017-08-09','2017-08-09 21:03:47','2017-08-09 21:04:39'),(42,'3','1',2666.37,0.00,'a vista',NULL,2,NULL,17,'2017-08-10','2017-08-10 12:26:49','2017-08-10 12:28:24'),(48,'3','1',1015.82,0.00,'a vista','dia 02/05/17',2,NULL,8,'2017-08-16','2017-08-10 13:59:23','2017-08-16 11:54:20'),(47,'3','1',5559.84,0.00,'a vista','dia 04/05/17',2,NULL,8,'2017-08-10','2017-08-10 13:53:48','2017-08-10 14:01:13'),(49,'3','1',2065.00,0.00,'a vista',NULL,1,NULL,25,'2017-08-11','2017-08-10 19:49:18','2017-08-11 13:25:47'),(50,'3','1',210.62,0.00,'a vista',NULL,2,NULL,26,'2017-08-10','2017-08-10 19:51:53','2017-08-10 19:52:30'),(51,'3','1',1561.00,0.00,'a vista',NULL,2,NULL,32,'2017-08-10','2017-08-10 23:19:59','2017-08-10 23:22:01'),(52,'3','1',4907.83,0.00,'a vista',NULL,2,NULL,33,'2017-08-16','2017-08-10 23:24:48','2017-08-16 11:41:29'),(54,'3','1',936.60,0.00,'a vista',NULL,2,NULL,35,'2017-08-11','2017-08-11 12:08:05','2017-08-11 12:08:47'),(55,'3','1',3201.88,0.00,'a vista',NULL,2,NULL,36,'2017-08-11','2017-08-11 12:21:59','2017-08-11 12:22:41'),(56,'3','1',3499.00,0.00,'a vista',NULL,2,NULL,37,'2017-08-11','2017-08-11 12:24:11','2017-08-11 12:26:07'),(57,'3','1',124.88,0.00,'a vista',NULL,2,NULL,38,'2017-08-11','2017-08-11 12:28:45','2017-08-11 12:29:07'),(58,'3','1',3543.50,0.00,'a vista',NULL,2,NULL,39,'2017-08-11','2017-08-11 12:30:32','2017-08-11 12:33:26'),(59,'3','1',21444.70,0.00,'a vista',NULL,2,NULL,40,'2017-08-11','2017-08-11 12:42:57','2017-08-11 12:48:50'),(60,'3','1',171.73,0.00,'a vista',NULL,2,NULL,41,'2017-08-11','2017-08-11 13:13:32','2017-08-11 13:14:06'),(61,'3','1',570.93,0.00,'a vista',NULL,2,NULL,41,'2017-08-15','2017-08-11 13:14:27','2017-08-15 13:36:09'),(67,'1','1',0.00,10.00,'A vista',NULL,NULL,1,NULL,NULL,'2017-08-14 13:25:02','2017-08-14 13:25:02'),(63,'3','1',2065.00,0.00,'a vista','Revenda fio trançado',2,NULL,8,'2017-08-11','2017-08-11 13:33:58','2017-08-11 13:34:42'),(64,'3','1',2077.52,0.00,'a vista','Consignado',2,NULL,8,'2017-08-15','2017-08-11 13:35:22','2017-08-15 13:38:32'),(66,'2','1',0.00,0.00,'a vista',NULL,1,4,NULL,NULL,'2017-08-14 13:23:50','2017-08-14 13:23:50'),(68,'2','1',0.00,0.00,'a vista',NULL,1,4,NULL,NULL,'2017-08-14 13:25:04','2017-08-14 13:25:04'),(71,'3','1',210.62,0.00,'a vista',NULL,2,NULL,26,'2017-08-14','2017-08-14 13:47:11','2017-08-14 13:47:50'),(70,'2','1',2065.00,0.00,'CONSIGNADO','Kit de Fechamento do CONTRATO',2,4,NULL,'2017-08-14','2017-08-14 13:26:04','2017-08-14 13:30:22'),(72,'3','1',2065.00,0.00,'a vista',NULL,2,NULL,42,'2017-08-14','2017-08-14 14:01:20','2017-08-14 14:03:41'),(74,'3','1',1998.25,0.00,'a vista',NULL,2,NULL,3,'2017-08-15','2017-08-15 13:07:07','2017-08-15 13:08:31'),(76,'2','1',1115.10,0.00,'a vista',NULL,1,2,NULL,'2017-08-15','2017-08-15 13:30:49','2017-08-15 13:31:39'),(77,'1','2',1858.50,0.00,'A vista',NULL,NULL,1,NULL,'2017-08-22','2017-08-22 13:10:15','2017-08-22 13:11:18'),(79,'3','1',1472.35,0.00,'a vista',NULL,2,NULL,43,'2017-08-28','2017-08-28 20:47:04','2017-08-28 20:48:02'),(80,'3','1',12637.50,0.00,'a vista',NULL,2,NULL,15,'2017-08-28','2017-08-28 20:55:14','2017-08-28 21:00:48'),(81,'2','1',12637.50,0.00,'a vista',NULL,1,2,NULL,'2017-08-28','2017-08-28 20:58:40','2017-08-28 21:00:06');
/*!40000 ALTER TABLE `pedidos` ENABLE KEYS */;
UNLOCK TABLES;

--
-- Table structure for table `produtos`
--

DROP TABLE IF EXISTS `produtos`;
/*!40101 SET @saved_cs_client     = @@character_set_client */;
/*!40101 SET character_set_client = utf8 */;
CREATE TABLE `produtos` (
  `id` int(10) unsigned NOT NULL AUTO_INCREMENT,
  `descricao` varchar(50) COLLATE utf8_unicode_ci NOT NULL,
  `preco` double(8,2) NOT NULL,
  `estampa_id` int(10) unsigned NOT NULL,
  `classe_id` int(10) unsigned NOT NULL,
  `tipoproduto_id` int(10) unsigned NOT NULL,
  `created_at` timestamp NULL DEFAULT NULL,
  `updated_at` timestamp NULL DEFAULT NULL,
  `codigo` varchar(64) COLLATE utf8_unicode_ci NOT NULL,
  PRIMARY KEY (`id`),
  KEY `produtos_estampa_id_foreign` (`estampa_id`),
  KEY `produtos_classe_id_foreign` (`classe_id`),
  KEY `produtos_tipoproduto_id_foreign` (`tipoproduto_id`)
) ENGINE=MyISAM AUTO_INCREMENT=59 DEFAULT CHARSET=utf8 COLLATE=utf8_unicode_ci;
/*!40101 SET character_set_client = @saved_cs_client */;

--
-- Dumping data for table `produtos`
--

LOCK TABLES `produtos` WRITE;
/*!40000 ALTER TABLE `produtos` DISABLE KEYS */;
INSERT INTO `produtos` VALUES (1,'Piso Flutuante - Natural PEAR',515.18,2,4,2,'2017-05-08 00:09:05','2017-05-08 00:09:05',''),(2,'Piso Flutuante - Natural AMBER',557.55,1,4,2,'2017-05-08 00:18:23','2017-05-08 00:18:23',''),(3,'CMW Piso Colado - Kangaroo 30x30',167.27,3,16,2,'2017-05-08 00:21:43','2017-07-31 18:56:42','123457'),(4,'Placa Natural 10mm',42.13,4,24,6,'2017-05-08 17:10:34','2017-05-08 17:10:34',''),(5,'Placa Natural 20mm',84.25,4,25,6,'2017-05-08 17:11:44','2017-05-08 17:11:44',''),(6,'Placa Natural 3omm',126.38,4,26,6,'2017-05-08 17:13:14','2017-05-08 17:13:14',''),(7,'Placa Natural 30 (Polido)',163.55,4,26,6,'2017-05-08 17:15:19','2017-05-08 17:15:19',''),(8,'Placa Natural 50mm',210.63,4,28,6,'2017-05-08 17:16:14','2017-05-08 17:16:14',''),(15,'Colado - Digital  - Black Armani',354.60,9,8,2,'2017-05-08 17:46:14','2017-05-21 14:23:36',''),(10,'CMW Piso Colado - Kangaroo 60x45',167.27,3,14,2,'2017-05-08 17:22:07','2017-07-31 18:56:58','123125'),(11,'Pavimento Colado C - Agate',240.86,5,9,2,'2017-05-08 17:27:37','2017-07-05 22:14:51','FGD25E06AH001'),(12,'CMW Flutuante - Antelope',321.15,7,13,2,'2017-05-08 17:32:44','2017-06-02 05:16:35','123456'),(13,'CMW Piso Flutuante - Horse',338.99,8,13,2,'2017-05-08 17:37:10','2017-05-08 17:37:10',''),(14,'Flutuante - Natural - Agate',343.45,5,4,2,'2017-05-08 17:41:42','2017-05-21 14:21:55',''),(16,'Colado - Digital - Carrara Estatuario',354.60,10,2,2,'2017-05-08 17:52:50','2017-05-21 14:23:50',''),(17,'Colado C - Quartz',363.52,11,4,2,'2017-05-08 17:55:58','2017-05-08 17:55:58',''),(18,'Flutuante - Digital - Thyme Dark',501.80,12,2,2,'2017-05-08 17:58:26','2017-05-21 14:22:10',''),(19,'Flutuante - Digital - Travestino Serrano',501.80,13,3,2,'2017-05-08 18:01:41','2017-05-21 14:24:28',''),(20,'Flutuante - Natural - Opal',515.18,14,4,2,'2017-05-08 18:04:32','2017-05-21 14:22:40',''),(21,'Flutuante - Natural - Quartz Brow',546.40,15,4,2,'2017-05-08 18:06:18','2017-05-21 14:22:53',''),(22,'Flutuante - Natual - Amber',557.55,16,4,2,'2017-05-08 18:09:09','2017-05-21 14:22:27',''),(23,'Tecido PEAR EH',408.87,17,54,4,'2017-05-08 18:14:21','2017-07-31 20:03:42','324523'),(24,'Tecido Melon EH',490.64,18,54,4,'2017-05-08 18:17:04','2017-05-08 18:20:19',''),(25,'Tecido PEAR Black EZ',557.55,19,55,4,'2017-05-08 18:19:53','2017-07-31 20:03:26','23414'),(26,'Tecido Leather Col. Exotic II',557.55,20,54,4,'2017-05-08 18:23:11','2017-05-08 18:23:11',''),(27,'Revestimento Parede - Coconut White',185.85,21,17,3,'2017-05-08 18:26:32','2017-05-08 18:26:32',''),(28,'Revestimento Parede em Placa - Vera',235.41,22,20,3,'2017-05-08 18:30:17','2017-05-08 18:30:17',''),(29,'Revestimento de Parede - Chic List Poisedon Cork',235.41,23,18,3,'2017-05-08 18:34:50','2017-05-08 18:34:50',''),(30,'Revestimento de Parede - Gold',247.80,24,17,3,'2017-05-08 18:36:44','2017-05-08 18:36:44',''),(31,'Revestimento de Parede - Silver',272.58,25,17,3,'2017-05-08 18:39:33','2017-05-08 18:39:33',''),(32,'Revestimento de Parede em Rolo - PEAR',272.58,17,18,3,'2017-05-08 18:41:39','2017-07-31 20:03:09','24134135'),(33,'Revestimento de Parede - Chic List Cement',309.75,26,18,3,'2017-05-08 18:43:26','2017-05-08 18:43:26',''),(34,'Revestimento de Parede - Cherries',322.14,27,17,3,'2017-05-08 18:45:27','2017-05-08 18:45:27',''),(35,'Revestimento de Parede - Orange',322.14,28,17,3,'2017-05-08 18:47:08','2017-05-08 18:47:08',''),(36,'Revestimento de Parede 3D - Diamonds',1059.35,29,22,3,'2017-05-08 18:50:49','2017-05-08 18:50:49',''),(37,'Revestimento de Parede 3D - Waves',1304.67,30,22,3,'2017-05-08 18:53:02','2017-05-08 18:53:02',''),(38,'Rolo de Cortiça 3mm',31.22,31,36,5,'2017-05-08 18:56:36','2017-05-08 18:56:36',''),(39,'Rolo de Cortiça Sustentável 2mm',39.65,32,44,5,'2017-05-08 19:00:12','2017-05-08 19:00:12',''),(40,'Rolo de Cortiça 10mm',104.08,31,42,5,'2017-05-08 19:03:32','2017-05-08 19:03:32',''),(41,'Revestimento de Parede Placa - Vera Brown',260.19,33,19,3,'2017-05-11 18:08:34','2017-05-11 18:08:34',''),(42,'Revestimento de Paredes em Placa - Vera Silver',284.97,34,19,3,'2017-05-11 18:12:05','2017-05-11 18:12:05',''),(43,'Revestimento de Parede Placa - Vera Cream',260.19,35,19,3,'2017-05-11 18:14:01','2017-05-11 18:16:14',''),(44,'Revestimento de Parede Placa - Elizabeth',284.97,36,19,3,'2017-05-11 18:19:09','2017-05-11 18:19:09',''),(45,'Revestimento de Parede - Gabrielle Brown',247.87,38,20,3,'2017-05-11 18:24:31','2017-05-11 18:24:31',''),(46,'Revestimento de Parede Placas - Mary',235.41,39,20,3,'2017-05-11 18:26:35','2017-05-11 18:29:24',''),(47,'Revestimento de Parede Rolo - Melon Brown',334.53,40,17,3,'2017-05-11 18:36:35','2017-05-11 18:36:35',''),(48,'Revestimento de Parede - Bronze',297.36,42,17,3,'2017-05-11 18:49:42','2017-05-11 18:49:42',''),(49,'Placa Natural 40mm',168.50,4,27,6,'2017-07-03 16:44:51','2017-07-03 16:44:51','PLA100050040F'),(50,'Revestimento de Parede - Vera Brown',260.19,33,20,3,'2017-07-03 16:54:00','2017-07-03 16:54:00','WGD21E03APC546'),(51,'Rolo de Cortiça 1,6mm',16.65,31,30,5,'2017-07-03 17:16:21','2017-07-03 17:16:21','CI1011.6R15MS'),(52,'Rolo de Cortiça 2mm',20.82,31,32,5,'2017-07-03 17:18:41','2017-07-03 17:18:41','CI10102R15MS'),(53,'Rolo de Cortiça 4mm',41.63,31,38,5,'2017-07-03 17:20:35','2017-07-03 17:20:35','CI10104R15MS'),(54,'Rolo de Cortiça 5mm',52.04,31,40,5,'2017-07-03 17:26:47','2017-07-03 17:26:47','CI10105R15MS'),(55,'Rolo de Cortiça 6mm',62.45,31,41,5,'2017-07-03 17:28:10','2017-07-03 17:28:10','CI10106R15MS'),(56,'Kit de Amostras',1858.50,5,56,9,'2017-07-03 21:36:46','2017-08-22 12:50:46','FFAMOSTRAS'),(57,'Discos de Cortiça (milheiro de disco)',137.67,31,56,9,'2017-07-03 21:40:26','2017-07-03 21:40:26','DI2662R'),(58,'Banco de Cortiça',1652.00,31,56,8,'2017-07-03 21:41:35','2017-07-03 21:41:35','YOOCBNCORK');
/*!40000 ALTER TABLE `produtos` ENABLE KEYS */;
UNLOCK TABLES;

--
-- Table structure for table `tipo_produtos`
--

DROP TABLE IF EXISTS `tipo_produtos`;
/*!40101 SET @saved_cs_client     = @@character_set_client */;
/*!40101 SET character_set_client = utf8 */;
CREATE TABLE `tipo_produtos` (
  `id` int(10) unsigned NOT NULL AUTO_INCREMENT,
  `descricao` varchar(50) COLLATE utf8_unicode_ci NOT NULL,
  `created_at` timestamp NULL DEFAULT NULL,
  `updated_at` timestamp NULL DEFAULT NULL,
  PRIMARY KEY (`id`)
) ENGINE=MyISAM AUTO_INCREMENT=10 DEFAULT CHARSET=utf8 COLLATE=utf8_unicode_ci;
/*!40101 SET character_set_client = @saved_cs_client */;

--
-- Dumping data for table `tipo_produtos`
--

LOCK TABLES `tipo_produtos` WRITE;
/*!40000 ALTER TABLE `tipo_produtos` DISABLE KEYS */;
INSERT INTO `tipo_produtos` VALUES (2,'Piso','2017-05-07 23:47:22','2017-05-07 23:47:22'),(3,'Revestimento de Parede','2017-05-07 23:47:32','2017-05-07 23:47:32'),(4,'Tecido','2017-05-07 23:47:42','2017-05-07 23:47:42'),(5,'Manta TermoAcúsitica','2017-05-07 23:48:03','2017-05-07 23:48:03'),(6,'Placas TermoAcústicas','2017-05-07 23:49:12','2017-05-07 23:49:12'),(7,'Rolhas','2017-05-07 23:49:36','2017-05-07 23:49:36'),(8,'Bancos de Cortíca','2017-05-07 23:49:49','2017-05-07 23:49:49'),(9,'Diversos','2017-07-03 21:35:10','2017-07-03 21:35:10');
/*!40000 ALTER TABLE `tipo_produtos` ENABLE KEYS */;
UNLOCK TABLES;

--
-- Table structure for table `users`
--

DROP TABLE IF EXISTS `users`;
/*!40101 SET @saved_cs_client     = @@character_set_client */;
/*!40101 SET character_set_client = utf8 */;
CREATE TABLE `users` (
  `id` int(10) unsigned NOT NULL AUTO_INCREMENT,
  `name` varchar(191) COLLATE utf8_unicode_ci NOT NULL,
  `email` varchar(191) COLLATE utf8_unicode_ci NOT NULL,
  `password` varchar(191) COLLATE utf8_unicode_ci NOT NULL,
  `endereco` varchar(191) COLLATE utf8_unicode_ci DEFAULT NULL,
  `bairro` varchar(191) COLLATE utf8_unicode_ci DEFAULT NULL,
  `cidade` varchar(191) COLLATE utf8_unicode_ci DEFAULT NULL,
  `uf` varchar(191) COLLATE utf8_unicode_ci DEFAULT NULL,
  `cep` int(11) DEFAULT NULL,
  `fone` int(11) DEFAULT NULL,
  `celular` int(11) DEFAULT NULL,
  `is_permission` tinyint(4) NOT NULL,
  `remember_token` varchar(100) COLLATE utf8_unicode_ci DEFAULT NULL,
  `created_at` timestamp NULL DEFAULT NULL,
  `updated_at` timestamp NULL DEFAULT NULL,
  `centrodistribuicao_id` int(10) unsigned DEFAULT NULL,
  PRIMARY KEY (`id`),
  UNIQUE KEY `users_email_unique` (`email`),
  KEY `users_centrodistribuicao_id_foreign` (`centrodistribuicao_id`)
) ENGINE=MyISAM AUTO_INCREMENT=10 DEFAULT CHARSET=utf8 COLLATE=utf8_unicode_ci;
/*!40101 SET character_set_client = @saved_cs_client */;

--
-- Dumping data for table `users`
--

LOCK TABLES `users` WRITE;
/*!40000 ALTER TABLE `users` DISABLE KEYS */;
INSERT INTO `users` VALUES (1,'Admin','admin@corktech.com','$2y$10$cYTnouAg14P6KacyE4UsJO4ziRbHJZuUp2oMY.BjZQuLRybGlY3UO','82796 Homenick Extension\nRodrigohaven, NE 22353-1395','teste','New Danykaview','Mrs. Mazie Labadie',4831233,123456,123456,1,'lWoV3i7eZz9zXsMebr9EugpzfG8TH6NNEmfydiJJPry8qQJPAFLVQDg1kPuJ','2017-05-05 22:34:43','2017-05-05 22:34:43',1),(2,'User','user@corktech.com','$2y$10$cYTnouAg14P6KacyE4UsJO4ziRbHJZuUp2oMY.BjZQuLRybGlY3UO','4158 Hahn Junction Apt. 327\nBaileyshire, CA 73628','teste','West Cathy','Sierra Cole',1470464,123456,123456,2,'u2hvVi8OtL','2017-05-05 22:34:43','2017-05-05 22:34:43',2),(3,'Bruno Mendonca','bruno@corktech.eco.br','$2y$10$U71HvLJQGpDSGZ1m8opBKeXNm9ls1xuvTYk9YxSRiwmTRHIDNTOLS','Av Sao Marcos','Calhau','SAO LUIS','MA',65062710,984137182,984137182,1,NULL,'2017-05-08 13:50:38','2017-05-08 13:51:50',1),(4,'Bruno Andres Mendonca','pakamao@hotmail.com','$2y$10$9oP1DGwtZzl5v6l0bRBfGO6NOVYyMB5/phplCMNrN17/cnhrEeRzO','av sao marcos q c edf trinidad ap 902','Ponta d areia','Sao Luis','Ma',65077310,32275993,984137182,1,NULL,'2017-05-08 13:58:37','2017-05-08 14:05:12',1),(5,'alexsandro de jesus caldas coelho','alex.coelho@corktech.eco.br','$2y$10$Wzgh8orPD3bSyX0G8G7ZguluW9J0zdDxD7YMQZEF1EtT8gjNEDoUa','rua jupiter n 13 , edificio jose goncalo apto 1302','renascenca II','sao luis','ma',65075045,33031374,991167640,1,NULL,'2017-05-08 13:59:00','2017-05-08 13:59:00',1),(6,'Ibsen','ibsen@corkeco.com.br','$2y$10$2yda13EbwrVYJY03OL6dVO.wqUA5JeDuiYtc1O4N2AnDUGHkZ4EaK','Rua','Bairro','Cidade','CE',85000,983133414,981414144,2,NULL,'2017-05-08 15:04:09','2017-06-04 01:33:35',4),(7,'Ana Carolina Soares','atendimento@corktech.eco.br','$2y$10$c6bhmtzcBTjS/m97gemV6O1fKdBcDodC8hqivHLY3Kl1Y5TuSoXFC','Rua das Sucupiras Quadra 56 - Casa 27','Renascença','São Luis','MA',65075400,981145711,981145711,2,'mBINT5nop2BNg7ifWcAirjXwwiwLWVKRhfXw7UHh5PXfXh0hiwh0v5WcKdZo','2017-05-10 13:00:51','2017-06-06 22:33:50',2),(8,'Rafael Ferreira','rafael.ferreira@corktech.eco.br','$2y$10$AXG04jWBfFV9E2Sk7l7z/.uOms4zpTn/8lXiVq3iERhJi9yd6keYC','Rua Raul Azevedo, Q. B - Casa 13','São Francisco','São Luis','MA',65076770,988778889,988778889,2,'oeMeNx57ZvCSisdECBLzVYiJLMiqI4Fk1S3sPKbM2WutaSergUXlPFmVYHUz','2017-05-10 14:05:46','2017-06-06 22:58:19',2),(9,'Carlos Netiar','carlos@corktech.eco.br','$2y$10$lIByl8DPy97e2eV7TjM5COuT0is2XJHMsVRIoH90nUJxPdxo8ab/2','Estrada da Maioba, Cond. Maraville','Forquilha','São Luís','MA',65054040,981140090,981140090,2,'FdRypGKE8qMWZ4r2onIHDEAxyg1hJOl0RNt6eX0v1epbubHbhWwN6g17gXW9','2017-05-27 18:31:33','2017-05-27 18:31:33',2);
/*!40000 ALTER TABLE `users` ENABLE KEYS */;
UNLOCK TABLES;
/*!40103 SET TIME_ZONE=@OLD_TIME_ZONE */;

/*!40101 SET SQL_MODE=@OLD_SQL_MODE */;
/*!40014 SET FOREIGN_KEY_CHECKS=@OLD_FOREIGN_KEY_CHECKS */;
/*!40014 SET UNIQUE_CHECKS=@OLD_UNIQUE_CHECKS */;
/*!40101 SET CHARACTER_SET_CLIENT=@OLD_CHARACTER_SET_CLIENT */;
/*!40101 SET CHARACTER_SET_RESULTS=@OLD_CHARACTER_SET_RESULTS */;
/*!40101 SET COLLATION_CONNECTION=@OLD_COLLATION_CONNECTION */;
/*!40111 SET SQL_NOTES=@OLD_SQL_NOTES */;

-- Dump completed on 2017-08-28 22:06:22
